metric,rank,noun,verb,average
comprehensibility,1,human (complaint),X ga tamaru (X gets collected),4.0
comprehensibility,1,kanasimi (sorrow),X ga ahureru (X overflows),4.0
comprehensibility,1,jounetu (passion),X wo sosogu (Y pours X),4.0
comprehensibility,1,jounetu (passion),X ga ahureru (X overflows),4.0
comprehensibility,1,ai (love),X ni oboreru (Y almost drowns in X),4.0
comprehensibility,1,kanjou (emotion),X wo kumitoru (Y scoops up X),4.0
comprehensibility,1,jikan (time),X ga nagareru (X flows),4.0
comprehensibility,1,mizu (water),X de susugu (Y rinses Z with X),4.0
comprehensibility,1,mizu (water),X wo kakeru (Y sprays X),4.0
comprehensibility,1,mizu (water),X wo susuru (Y sips X),4.0
comprehensibility,1,mizu (water),X wo maku (Y scatters X),4.0
comprehensibility,1,mizu (water),X wo kumitoru (Y scoops up X),4.0
comprehensibility,1,mizu (water),X ga huttou-suru (X boils),4.0
comprehensibility,1,mizu (water),X ga nagareru (X flows),4.0
comprehensibility,1,mizu (water),X ga waku (X gushes out),4.0
comprehensibility,1,mizu (water),X ga tamaru (X gets collected),4.0
comprehensibility,1,mizu (water),X wo nomu (Y drinks X),4.0
comprehensibility,1,abura (oil),X wo siboridasu (Y squeezes X),4.0
comprehensibility,1,kotoba (word),X wo kakeru (Y sprays X),4.0
comprehensibility,1,oto (sound),X ga moreru (X leaks),4.0
comprehensibility,21,human (complaint),X wo makitirasu (Y sprinkles X),3.9
comprehensibility,21,yuuki (bravery),X ga waku (X gushes out),3.9
comprehensibility,21,jouhou (information),X ga nagareru (X flows),3.9
comprehensibility,21,kimoti (feeling),X ga ahureru (X overflows),3.9
comprehensibility,21,mizu (water),X ga koboreru (X spills out),3.9
comprehensibility,21,mizu (water),X ni oboreru (Y almost drowns in X),3.9
comprehensibility,21,mizu (water),X ga moreru (X leaks),3.9
comprehensibility,21,abura (oil),X ga nagarederu (X flows out),3.9
comprehensibility,21,abura (oil),X ga moreru (X leaks),3.9
comprehensibility,21,suna (sand),X wo kakeru (Y sprays X),3.9
comprehensibility,21,suna (sand),X wo makitirasu (Y sprinkles X),3.9
comprehensibility,21,kuuki (air),X ga nagareru (X flows),3.9
comprehensibility,21,kuuki (air),X ga sumu (X gets clear),3.9
comprehensibility,21,kotoba (word),X wo kumitoru (Y scoops up X),3.9
comprehensibility,21,kotoba (word),X wo abiseru (Y showers X),3.9
comprehensibility,36,nioi (smell),X ga nagarederu (X flows out),3.8
comprehensibility,36,human (complaint),X ga ahureru (X overflows),3.8
comprehensibility,36,human (complaint),X ga moreru (X leaks),3.8
comprehensibility,36,kairaku (pleasure),X ni oboreru (Y almost drowns in X),3.8
comprehensibility,36,kanjou (emotion),X ga nagarederu (X flows out),3.8
comprehensibility,36,jikan (time),X wo kakeru (Y sprays X),3.8
comprehensibility,36,mizu (water),X ni sizumu (Y sinks into X),3.8
comprehensibility,36,mizu (water),X ga nagarederu (X flows out),3.8
comprehensibility,36,mizu (water),X ni uku (Y floats on X),3.8
comprehensibility,36,mizu (water),X ga mitiru (X fills Y),3.8
comprehensibility,36,mizu (water),X ga sitataru (X drips),3.8
comprehensibility,36,abura (oil),X ga koboreru (X spills out),3.8
comprehensibility,36,abura (oil),X ga nagareru (X flows),3.8
comprehensibility,36,abura (oil),X ni hitasu (Y dips Z in X),3.8
comprehensibility,36,doro (mud),X wo kakeru (Y sprays X),3.8
comprehensibility,36,doro (mud),X ga tamaru (X gets collected),3.8
comprehensibility,36,kuuki (air),X ga yodomu (X gets stagnant),3.8
comprehensibility,36,oto (sound),X ga nagareru (X flows),3.8
comprehensibility,54,human (complaint),X wo abiseru (Y showers X),3.7
comprehensibility,54,hikari (light),X ga moreru (X leaks),3.7
comprehensibility,54,yuuki (bravery),X wo siboridasu (Y squeezes X),3.7
comprehensibility,54,yuuki (bravery),X ga ahureru (X overflows),3.7
comprehensibility,54,yorokobi (delight),X ni hitaru (Y soaks in X),3.7
comprehensibility,54,yorokobi (delight),X ga mitiru (X fills Y),3.7
comprehensibility,54,koe (voice),X wo kakeru (Y sprays X),3.7
comprehensibility,54,koe (voice),X ga moreru (X leaks),3.7
comprehensibility,54,kanasimi (sorrow),X wo kumitoru (Y scoops up X),3.7
comprehensibility,54,kanasimi (sorrow),X ni sizumu (Y sinks into X),3.7
comprehensibility,54,jouhou (information),X wo maku (Y scatters X),3.7
comprehensibility,54,jouhou (information),X ga moreru (X leaks),3.7
comprehensibility,54,jounetu (passion),X wo kakeru (Y sprays X),3.7
comprehensibility,54,ai (love),X ga ahureru (X overflows),3.7
comprehensibility,54,kanjou (emotion),X ga uzumaku (X whirls),3.7
comprehensibility,54,zouo (hatred),X ga waku (X gushes out),3.7
comprehensibility,54,kimoti (feeling),X wo kumitoru (Y scoops up X),3.7
comprehensibility,54,mizu (water),X wo sosogu (Y pours X),3.7
comprehensibility,54,mizu (water),X ni hitasu (Y dips Z in X),3.7
comprehensibility,54,mizu (water),X ga nigoru (X gets cloudy),3.7
comprehensibility,54,abura (oil),X wo tarasu (Y drops X),3.7
comprehensibility,54,abura (oil),X ga nizimu (X oozes),3.7
comprehensibility,54,doro (mud),X wo makitirasu (Y sprinkles X),3.7
comprehensibility,54,kuuki (air),X ga moreru (X leaks),3.7
comprehensibility,54,kuuki (air),X ga nigoru (X gets cloudy),3.7
comprehensibility,54,kotoba (word),X wo siboridasu (Y squeezes X),3.7
comprehensibility,54,kotoba (word),X wo nomu (Y drinks X),3.7
comprehensibility,54,oto (sound),X ga nigoru (X gets cloudy),3.7
comprehensibility,82,hikari (light),X wo abiseru (Y showers X),3.6
comprehensibility,82,yorokobi (delight),X ga ahureru (X overflows),3.6
comprehensibility,82,koe (voice),X wo abiseru (Y showers X),3.6
comprehensibility,82,kibou (hope),X ga mitiru (X fills Y),3.6
comprehensibility,82,ikari (anger),X ga waku (X gushes out),3.6
comprehensibility,82,ikari (anger),X ga ahureru (X overflows),3.6
comprehensibility,82,kanasimi (sorrow),X ga uzumaku (X whirls),3.6
comprehensibility,82,jouhou (information),X ga nagarederu (X flows out),3.6
comprehensibility,82,jouhou (information),X ga uzumaku (X whirls),3.6
comprehensibility,82,jouhou (information),X ni oboreru (Y almost drowns in X),3.6
comprehensibility,82,ai (love),X wo sosogu (Y pours X),3.6
comprehensibility,82,kanjou (emotion),X ga hotobasiru (X spurts),3.6
comprehensibility,82,kanjou (emotion),X ga ahureru (X overflows),3.6
comprehensibility,82,kanjou (emotion),X ni oboreru (Y almost drowns in X),3.6
comprehensibility,82,mizu (water),X wo siboridasu (Y squeezes X),3.6
comprehensibility,82,mizu (water),X wo abiseru (Y showers X),3.6
comprehensibility,82,mizu (water),X ga uzumaku (X whirls),3.6
comprehensibility,82,mizu (water),X ga ahureru (X overflows),3.6
comprehensibility,82,abura (oil),X wo sosogu (Y pours X),3.6
comprehensibility,82,abura (oil),X ni uku (Y floats on X),3.6
comprehensibility,82,abura (oil),X ga ahureru (X overflows),3.6
comprehensibility,82,doro (mud),X wo kumitoru (Y scoops up X),3.6
comprehensibility,82,suna (sand),X ga koboreru (X spills out),3.6
comprehensibility,105,nioi (smell),X wo makitirasu (Y sprinkles X),3.5
comprehensibility,105,nioi (smell),X ga tamaru (X gets collected),3.5
comprehensibility,105,nioi (smell),X ga moreru (X leaks),3.5
comprehensibility,105,huan (anxiety),X ga uzumaku (X whirls),3.5
comprehensibility,105,human (complaint),X ga uzumaku (X whirls),3.5
comprehensibility,105,human (complaint),X ga nizimu (X oozes),3.5
comprehensibility,105,yuuki (bravery),X ga mitiru (X fills Y),3.5
comprehensibility,105,yorokobi (delight),X ga waku (X gushes out),3.5
comprehensibility,105,koe (voice),X wo siboridasu (Y squeezes X),3.5
comprehensibility,105,sitto (envy),X ga ahureru (X overflows),3.5
comprehensibility,105,ansin (relief),X ni hitaru (Y soaks in X),3.5
comprehensibility,105,kibou (hope),X ga waku (X gushes out),3.5
comprehensibility,105,ikari (anger),X ga hotobasiru (X spurts),3.5
comprehensibility,105,ikari (anger),X ga tamaru (X gets collected),3.5
comprehensibility,105,kanasimi (sorrow),X ga waku (X gushes out),3.5
comprehensibility,105,ito (intention),X wo kumitoru (Y scoops up X),3.5
comprehensibility,105,kanjou (emotion),X ga waku (X gushes out),3.5
comprehensibility,105,zouo (hatred),X ga uzumaku (X whirls),3.5
comprehensibility,105,tanosisa (enjoyment),X ga ahureru (X overflows),3.5
comprehensibility,105,kimoti (feeling),X ga nizimu (X oozes),3.5
comprehensibility,105,mizu (water),X wo makitirasu (Y sprinkles X),3.5
comprehensibility,105,mizu (water),X ga sumu (X gets clear),3.5
comprehensibility,105,abura (oil),X wo kakeru (Y sprays X),3.5
comprehensibility,105,abura (oil),X ga sitataru (X drips),3.5
comprehensibility,105,kuuki (air),X ga tamaru (X gets collected),3.5
comprehensibility,105,zetubou (despair),X ga ahureru (X overflows),3.5
comprehensibility,105,kinsen (money),X ga tamaru (X gets collected),3.5
comprehensibility,105,oto (sound),X ga sumu (X gets clear),3.5
comprehensibility,133,nioi (smell),X ga ahureru (X overflows),3.4
comprehensibility,133,huan (anxiety),X wo kumitoru (Y scoops up X),3.4
comprehensibility,133,human (complaint),X ga koboreru (X spills out),3.4
comprehensibility,133,hikari (light),X ga ahureru (X overflows),3.4
comprehensibility,133,kanasimi (sorrow),X ni hitaru (Y soaks in X),3.4
comprehensibility,133,jounetu (passion),X ga hotobasiru (X spurts),3.4
comprehensibility,133,ai (love),X ga mitiru (X fills Y),3.4
comprehensibility,133,kanjou (emotion),X wo makitirasu (Y sprinkles X),3.4
comprehensibility,133,kanjou (emotion),X ni hitaru (Y soaks in X),3.4
comprehensibility,133,zouo (hatred),X ga hotobasiru (X spurts),3.4
comprehensibility,133,zouo (hatred),X ga ahureru (X overflows),3.4
comprehensibility,133,zouo (hatred),X ga nizimu (X oozes),3.4
comprehensibility,133,tanosisa (enjoyment),X ni hitaru (Y soaks in X),3.4
comprehensibility,133,mizu (water),X ga nizimu (X oozes),3.4
comprehensibility,133,abura (oil),X ga nigoru (X gets cloudy),3.4
comprehensibility,133,doro (mud),X ga nagareru (X flows),3.4
comprehensibility,133,kuuki (air),X ga nagarederu (X flows out),3.4
comprehensibility,150,huan (anxiety),X ga waku (X gushes out),3.3
comprehensibility,150,human (complaint),X wo nomu (Y drinks X),3.3
comprehensibility,150,hikari (light),X ga koboreru (X spills out),3.3
comprehensibility,150,koe (voice),X ga ahureru (X overflows),3.3
comprehensibility,150,kibou (hope),X ga ahureru (X overflows),3.3
comprehensibility,150,kairaku (pleasure),X ni hitaru (Y soaks in X),3.3
comprehensibility,150,ikari (anger),X ga mitiru (X fills Y),3.3
comprehensibility,150,kyouhu (fear),X ga uzumaku (X whirls),3.3
comprehensibility,150,kanasimi (sorrow),X ni tukaru (Y gets submerged in X),3.3
comprehensibility,150,jounetu (passion),X ga waku (X gushes out),3.3
comprehensibility,150,kanjou (emotion),X ga koboreru (X spills out),3.3
comprehensibility,150,kimoti (feeling),X ga hotobasiru (X spurts),3.3
comprehensibility,150,mizu (water),X ga simiru (X soaks into Y),3.3
comprehensibility,150,mizu (water),X ni hitaru (Y soaks in X),3.3
comprehensibility,150,mizu (water),X ga yodomu (X gets stagnant),3.3
comprehensibility,150,mizu (water),X ni tukaru (Y gets submerged in X),3.3
comprehensibility,150,abura (oil),X wo makitirasu (Y sprinkles X),3.3
comprehensibility,150,abura (oil),X ga tamaru (X gets collected),3.3
comprehensibility,150,doro (mud),X ni oboreru (Y almost drowns in X),3.3
comprehensibility,150,suna (sand),X wo maku (Y scatters X),3.3
comprehensibility,150,suna (sand),X ni sizumu (Y sinks into X),3.3
comprehensibility,150,suna (sand),X ga nagareru (X flows),3.3
comprehensibility,150,suna (sand),X ga nagarederu (X flows out),3.3
comprehensibility,150,suna (sand),X ga tamaru (X gets collected),3.3
comprehensibility,150,kotoba (word),X ga waku (X gushes out),3.3
comprehensibility,150,kinsen (money),X wo maku (Y scatters X),3.3
comprehensibility,150,oto (sound),X ga nagarederu (X flows out),3.3
comprehensibility,150,oto (sound),X ga ahureru (X overflows),3.3
comprehensibility,178,huan (anxiety),X wo makitirasu (Y sprinkles X),3.2
comprehensibility,178,huan (anxiety),X ga tamaru (X gets collected),3.2
comprehensibility,178,huan (anxiety),X ga ahureru (X overflows),3.2
comprehensibility,178,human (complaint),X wo tarasu (Y drops X),3.2
comprehensibility,178,human (complaint),X wo kumitoru (Y scoops up X),3.2
comprehensibility,178,human (complaint),X ga waku (X gushes out),3.2
comprehensibility,178,human (complaint),X ga mitiru (X fills Y),3.2
comprehensibility,178,koe (voice),X ga koboreru (X spills out),3.2
comprehensibility,178,kibou (hope),X wo kumitoru (Y scoops up X),3.2
comprehensibility,178,kairaku (pleasure),X ga ahureru (X overflows),3.2
comprehensibility,178,ikari (anger),X ga huttou-suru (X boils),3.2
comprehensibility,178,ikari (anger),X ga uzumaku (X whirls),3.2
comprehensibility,178,jouhou (information),X wo kumitoru (Y scoops up X),3.2
comprehensibility,178,ai (love),X ni hitaru (Y soaks in X),3.2
comprehensibility,178,kimoti (feeling),X wo nomu (Y drinks X),3.2
comprehensibility,178,abura (oil),X ga simiru (X soaks into Y),3.2
comprehensibility,178,abura (oil),X wo maku (Y scatters X),3.2
comprehensibility,178,abura (oil),X ga sumu (X gets clear),3.2
comprehensibility,178,doro (mud),X ni hitasu (Y dips Z in X),3.2
comprehensibility,178,doro (mud),X wo nomu (Y drinks X),3.2
comprehensibility,178,kuuki (air),X ga uzumaku (X whirls),3.2
comprehensibility,178,kotoba (word),X ga nigoru (X gets cloudy),3.2
comprehensibility,178,kinsen (money),X wo makitirasu (Y sprinkles X),3.2
comprehensibility,178,kinsen (money),X ni oboreru (Y almost drowns in X),3.2
comprehensibility,178,oto (sound),X ga simiru (X soaks into Y),3.2
comprehensibility,203,ari (ant),X ga waku (X gushes out),3.1
comprehensibility,203,huan (anxiety),X ga hotobasiru (X spurts),3.1
comprehensibility,203,huan (anxiety),X ga nizimu (X oozes),3.1
comprehensibility,203,hikari (light),X ga hotobasiru (X spurts),3.1
comprehensibility,203,yuuki (bravery),X ga hotobasiru (X spurts),3.1
comprehensibility,203,sitto (envy),X ga nizimu (X oozes),3.1
comprehensibility,203,ikari (anger),X wo makitirasu (Y sprinkles X),3.1
comprehensibility,203,ikari (anger),X wo kumitoru (Y scoops up X),3.1
comprehensibility,203,ikari (anger),X ga nizimu (X oozes),3.1
comprehensibility,203,jouhou (information),X ga mitiru (X fills Y),3.1
comprehensibility,203,ai (love),X ga koboreru (X spills out),3.1
comprehensibility,203,kanjou (emotion),X wo siboridasu (Y squeezes X),3.1
comprehensibility,203,kanjou (emotion),X ga mitiru (X fills Y),3.1
comprehensibility,203,kanjou (emotion),X ga nizimu (X oozes),3.1
comprehensibility,203,jikan (time),X wo sosogu (Y pours X),3.1
comprehensibility,203,tanosisa (enjoyment),X ga mitiru (X fills Y),3.1
comprehensibility,203,mizu (water),X ga hotobasiru (X spurts),3.1
comprehensibility,203,mizu (water),X wo tarasu (Y drops X),3.1
comprehensibility,203,abura (oil),X ga yodomu (X gets stagnant),3.1
comprehensibility,203,abura (oil),X ni tukaru (Y gets submerged in X),3.1
comprehensibility,203,doro (mud),X ga koboreru (X spills out),3.1
comprehensibility,203,doro (mud),X ga nagarederu (X flows out),3.1
comprehensibility,203,suna (sand),X wo abiseru (Y showers X),3.1
comprehensibility,203,syutisin (shame),X ga waku (X gushes out),3.1
comprehensibility,203,kotoba (word),X ga moreru (X leaks),3.1
comprehensibility,203,oto (sound),X ga koboreru (X spills out),3.1
comprehensibility,203,oto (sound),X ni hitaru (Y soaks in X),3.1
comprehensibility,230,nioi (smell),X ga yodomu (X gets stagnant),3.0
comprehensibility,230,yorokobi (delight),X ga simiru (X soaks into Y),3.0
comprehensibility,230,yorokobi (delight),X ga hotobasiru (X spurts),3.0
comprehensibility,230,koe (voice),X ga nigoru (X gets cloudy),3.0
comprehensibility,230,kyouhu (fear),X ga mitiru (X fills Y),3.0
comprehensibility,230,jouhou (information),X wo siboridasu (Y squeezes X),3.0
comprehensibility,230,jouhou (information),X ga ahureru (X overflows),3.0
comprehensibility,230,kanjou (emotion),X ga yodomu (X gets stagnant),3.0
comprehensibility,230,zouo (hatred),X wo makitirasu (Y sprinkles X),3.0
comprehensibility,230,zouo (hatred),X ga mitiru (X fills Y),3.0
comprehensibility,230,tanosisa (enjoyment),X ga nizimu (X oozes),3.0
comprehensibility,230,kimoti (feeling),X ga huttou-suru (X boils),3.0
comprehensibility,230,kimoti (feeling),X ga yodomu (X gets stagnant),3.0
comprehensibility,230,kimoti (feeling),X ga mitiru (X fills Y),3.0
comprehensibility,230,doro (mud),X wo abiseru (Y showers X),3.0
comprehensibility,230,suna (sand),X ga moreru (X leaks),3.0
comprehensibility,230,syutisin (shame),X ga ahureru (X overflows),3.0
comprehensibility,230,kotoba (word),X ga simiru (X soaks into Y),3.0
comprehensibility,230,kotoba (word),X ga nagarederu (X flows out),3.0
comprehensibility,230,kinsen (money),X wo kakeru (Y sprays X),3.0
comprehensibility,230,kinsen (money),X ga ahureru (X overflows),3.0
comprehensibility,251,nioi (smell),X ga uzumaku (X whirls),2.9
comprehensibility,251,keeki (cake),X wo makitirasu (Y sprinkles X),2.9
comprehensibility,251,koe (voice),X wo makitirasu (Y sprinkles X),2.9
comprehensibility,251,koe (voice),X ga nagareru (X flows),2.9
comprehensibility,251,koe (voice),X ga sumu (X gets clear),2.9
comprehensibility,251,sitto (envy),X ga uzumaku (X whirls),2.9
comprehensibility,251,kairaku (pleasure),X ga mitiru (X fills Y),2.9
comprehensibility,251,kyouhu (fear),X wo makitirasu (Y sprinkles X),2.9
comprehensibility,251,kyouhu (fear),X ga waku (X gushes out),2.9
comprehensibility,251,kanasimi (sorrow),X ga mitiru (X fills Y),2.9
comprehensibility,251,kanasimi (sorrow),X ni oboreru (Y almost drowns in X),2.9
comprehensibility,251,jouhou (information),X wo makitirasu (Y sprinkles X),2.9
comprehensibility,251,jouhou (information),X ga tamaru (X gets collected),2.9
comprehensibility,251,jounetu (passion),X ga koboreru (X spills out),2.9
comprehensibility,251,jounetu (passion),X wo kumitoru (Y scoops up X),2.9
comprehensibility,251,jounetu (passion),X ni oboreru (Y almost drowns in X),2.9
comprehensibility,251,ai (love),X wo makitirasu (Y sprinkles X),2.9
comprehensibility,251,ai (love),X ga uzumaku (X whirls),2.9
comprehensibility,251,kanjou (emotion),X ga huttou-suru (X boils),2.9
comprehensibility,251,zouo (hatred),X ga tamaru (X gets collected),2.9
comprehensibility,251,jikan (time),X wo siboridasu (Y squeezes X),2.9
comprehensibility,251,tanosisa (enjoyment),X ga waku (X gushes out),2.9
comprehensibility,251,doro (mud),X ni tukaru (Y gets submerged in X),2.9
comprehensibility,251,suna (sand),X ga ahureru (X overflows),2.9
comprehensibility,251,kuuki (air),X wo makitirasu (Y sprinkles X),2.9
comprehensibility,251,zetubou (despair),X ga uzumaku (X whirls),2.9
comprehensibility,251,kotoba (word),X ni hitaru (Y soaks in X),2.9
comprehensibility,251,oto (sound),X wo makitirasu (Y sprinkles X),2.9
comprehensibility,251,oto (sound),X ga yodomu (X gets stagnant),2.9
comprehensibility,280,nioi (smell),X wo maku (Y scatters X),2.8
comprehensibility,280,hikari (light),X wo sosogu (Y pours X),2.8
comprehensibility,280,hikari (light),X ga yodomu (X gets stagnant),2.8
comprehensibility,280,yorokobi (delight),X wo kumitoru (Y scoops up X),2.8
comprehensibility,280,koe (voice),X ga mitiru (X fills Y),2.8
comprehensibility,280,sitto (envy),X ga waku (X gushes out),2.8
comprehensibility,280,iwa (rock),X wo makitirasu (Y sprinkles X),2.8
comprehensibility,280,kyouhu (fear),X ga ahureru (X overflows),2.8
comprehensibility,280,jouhou (information),X wo abiseru (Y showers X),2.8
comprehensibility,280,ai (love),X ga simiru (X soaks into Y),2.8
comprehensibility,280,ai (love),X ga hotobasiru (X spurts),2.8
comprehensibility,280,ai (love),X ga waku (X gushes out),2.8
comprehensibility,280,zouo (hatred),X wo kumitoru (Y scoops up X),2.8
comprehensibility,280,tanosisa (enjoyment),X ga simiru (X soaks into Y),2.8
comprehensibility,280,tanosisa (enjoyment),X ga hotobasiru (X spurts),2.8
comprehensibility,280,tanosisa (enjoyment),X ni tukaru (Y gets submerged in X),2.8
comprehensibility,280,kimoti (feeling),X wo sosogu (Y pours X),2.8
comprehensibility,280,kimoti (feeling),X ga sumu (X gets clear),2.8
comprehensibility,280,abura (oil),X wo kumitoru (Y scoops up X),2.8
comprehensibility,280,abura (oil),X ni sizumu (Y sinks into X),2.8
comprehensibility,280,abura (oil),X ga huttou-suru (X boils),2.8
comprehensibility,280,abura (oil),X ga waku (X gushes out),2.8
comprehensibility,280,doro (mud),X ni sizumu (Y sinks into X),2.8
comprehensibility,280,doro (mud),X ga moreru (X leaks),2.8
comprehensibility,280,kuuki (air),X ga ahureru (X overflows),2.8
comprehensibility,280,kotoba (word),X ga ahureru (X overflows),2.8
comprehensibility,280,kinsen (money),X ga nagarederu (X flows out),2.8
comprehensibility,307,nioi (smell),X ga simiru (X soaks into Y),2.7
comprehensibility,307,keeki (cake),X ga koboreru (X spills out),2.7
comprehensibility,307,huan (anxiety),X wo maku (Y scatters X),2.7
comprehensibility,307,human (complaint),X ga nagarederu (X flows out),2.7
comprehensibility,307,hikari (light),X ga mitiru (X fills Y),2.7
comprehensibility,307,roudou (labor),X ni hitaru (Y soaks in X),2.7
comprehensibility,307,yorokobi (delight),X ga nagarederu (X flows out),2.7
comprehensibility,307,koe (voice),X ga hotobasiru (X spurts),2.7
comprehensibility,307,sitto (envy),X ni oboreru (Y almost drowns in X),2.7
comprehensibility,307,ansin (relief),X ga mitiru (X fills Y),2.7
comprehensibility,307,kyouhu (fear),X ga nizimu (X oozes),2.7
comprehensibility,307,kanasimi (sorrow),X ga nagarederu (X flows out),2.7
comprehensibility,307,jounetu (passion),X ga uzumaku (X whirls),2.7
comprehensibility,307,kanjou (emotion),X wo sosogu (Y pours X),2.7
comprehensibility,307,jikan (time),X ga mitiru (X fills Y),2.7
comprehensibility,307,tanosisa (enjoyment),X ni oboreru (Y almost drowns in X),2.7
comprehensibility,307,kimoti (feeling),X ga nagarederu (X flows out),2.7
comprehensibility,307,kimoti (feeling),X ga waku (X gushes out),2.7
comprehensibility,307,doro (mud),X ga ahureru (X overflows),2.7
comprehensibility,307,zetubou (despair),X ni sizumu (Y sinks into X),2.7
comprehensibility,307,zetubou (despair),X ni hitaru (Y soaks in X),2.7
comprehensibility,307,syutisin (shame),X wo kumitoru (Y scoops up X),2.7
comprehensibility,307,kotoba (word),X ga yodomu (X gets stagnant),2.7
comprehensibility,307,kotoba (word),X ni oboreru (Y almost drowns in X),2.7
comprehensibility,307,kinsen (money),X ga koboreru (X spills out),2.7
comprehensibility,332,nioi (smell),X wo abiseru (Y showers X),2.6
comprehensibility,332,nioi (smell),X ni hitaru (Y soaks in X),2.6
comprehensibility,332,nioi (smell),X ga mitiru (X fills Y),2.6
comprehensibility,332,nioi (smell),X ga nizimu (X oozes),2.6
comprehensibility,332,huan (anxiety),X ga moreru (X leaks),2.6
comprehensibility,332,human (complaint),X wo maku (Y scatters X),2.6
comprehensibility,332,hikari (light),X wo makitirasu (Y sprinkles X),2.6
comprehensibility,332,hikari (light),X ga nagareru (X flows),2.6
comprehensibility,332,hikari (light),X ga nizimu (X oozes),2.6
comprehensibility,332,hikari (light),X ga nigoru (X gets cloudy),2.6
comprehensibility,332,yorokobi (delight),X ga uzumaku (X whirls),2.6
comprehensibility,332,koe (voice),X ga yodomu (X gets stagnant),2.6
comprehensibility,332,sitto (envy),X wo makitirasu (Y sprinkles X),2.6
comprehensibility,332,kairaku (pleasure),X ga waku (X gushes out),2.6
comprehensibility,332,kanasimi (sorrow),X ga koboreru (X spills out),2.6
comprehensibility,332,jouhou (information),X ni tukaru (Y gets submerged in X),2.6
comprehensibility,332,ito (intention),X ga nagarederu (X flows out),2.6
comprehensibility,332,kanjou (emotion),X ga tamaru (X gets collected),2.6
comprehensibility,332,kanjou (emotion),X ga moreru (X leaks),2.6
comprehensibility,332,zouo (hatred),X wo maku (Y scatters X),2.6
comprehensibility,332,zouo (hatred),X ga nagarederu (X flows out),2.6
comprehensibility,332,tanosisa (enjoyment),X wo kumitoru (Y scoops up X),2.6
comprehensibility,332,kimoti (feeling),X ga nigoru (X gets cloudy),2.6
comprehensibility,332,abura (oil),X ga mitiru (X fills Y),2.6
comprehensibility,332,doro (mud),X ga nizimu (X oozes),2.6
comprehensibility,332,suna (sand),X ni tukaru (Y gets submerged in X),2.6
comprehensibility,332,zetubou (despair),X wo kumitoru (Y scoops up X),2.6
comprehensibility,332,oto (sound),X wo siboridasu (Y squeezes X),2.6
comprehensibility,360,neko (cat),X ni oboreru (Y almost drowns in X),2.5
comprehensibility,360,nioi (smell),X ga waku (X gushes out),2.5
comprehensibility,360,huan (anxiety),X ni sizumu (Y sinks into X),2.5
comprehensibility,360,huan (anxiety),X ga nagarederu (X flows out),2.5
comprehensibility,360,huan (anxiety),X ga mitiru (X fills Y),2.5
comprehensibility,360,yuuki (bravery),X wo sosogu (Y pours X),2.5
comprehensibility,360,yorokobi (delight),X ga nizimu (X oozes),2.5
comprehensibility,360,koe (voice),X wo kumitoru (Y scoops up X),2.5
comprehensibility,360,koe (voice),X ni hitaru (Y soaks in X),2.5
comprehensibility,360,sitto (envy),X ga koboreru (X spills out),2.5
comprehensibility,360,kibou (hope),X ga uzumaku (X whirls),2.5
comprehensibility,360,kibou (hope),X ga nizimu (X oozes),2.5
comprehensibility,360,ikari (anger),X wo abiseru (Y showers X),2.5
comprehensibility,360,kyouhu (fear),X ni oboreru (Y almost drowns in X),2.5
comprehensibility,360,kanasimi (sorrow),X ga simiru (X soaks into Y),2.5
comprehensibility,360,kanasimi (sorrow),X wo makitirasu (Y sprinkles X),2.5
comprehensibility,360,jouhou (information),X ga hotobasiru (X spurts),2.5
comprehensibility,360,jounetu (passion),X wo abiseru (Y showers X),2.5
comprehensibility,360,jounetu (passion),X ga mitiru (X fills Y),2.5
comprehensibility,360,ito (intention),X ga nizimu (X oozes),2.5
comprehensibility,360,ai (love),X ga tamaru (X gets collected),2.5
comprehensibility,360,ai (love),X ni tukaru (Y gets submerged in X),2.5
comprehensibility,360,kanjou (emotion),X ga simiru (X soaks into Y),2.5
comprehensibility,360,kanjou (emotion),X ga sumu (X gets clear),2.5
comprehensibility,360,zouo (hatred),X ni sizumu (Y sinks into X),2.5
comprehensibility,360,zouo (hatred),X ni oboreru (Y almost drowns in X),2.5
comprehensibility,360,zouo (hatred),X ga sitataru (X drips),2.5
comprehensibility,360,kimoti (feeling),X ga simiru (X soaks into Y),2.5
comprehensibility,360,kimoti (feeling),X ni hitaru (Y soaks in X),2.5
comprehensibility,360,kimoti (feeling),X ga tamaru (X gets collected),2.5
comprehensibility,360,abura (oil),X wo nomu (Y drinks X),2.5
comprehensibility,360,doro (mud),X wo maku (Y scatters X),2.5
comprehensibility,360,suna (sand),X ni oboreru (Y almost drowns in X),2.5
comprehensibility,360,kuuki (air),X ga simiru (X soaks into Y),2.5
comprehensibility,360,kuuki (air),X ga koboreru (X spills out),2.5
comprehensibility,360,kuuki (air),X ni oboreru (Y almost drowns in X),2.5
comprehensibility,360,kotoba (word),X ga koboreru (X spills out),2.5
comprehensibility,360,kotoba (word),X ga hotobasiru (X spurts),2.5
comprehensibility,360,oto (sound),X ga uzumaku (X whirls),2.5
comprehensibility,399,neko (cat),X ga tamaru (X gets collected),2.4
comprehensibility,399,nioi (smell),X wo kumitoru (Y scoops up X),2.4
comprehensibility,399,nioi (smell),X ga nagareru (X flows),2.4
comprehensibility,399,huan (anxiety),X ga koboreru (X spills out),2.4
comprehensibility,399,yorokobi (delight),X ni oboreru (Y almost drowns in X),2.4
comprehensibility,399,sitto (envy),X ga hotobasiru (X spurts),2.4
comprehensibility,399,ansin (relief),X ga nizimu (X oozes),2.4
comprehensibility,399,ikari (anger),X ni sizumu (Y sinks into X),2.4
comprehensibility,399,ikari (anger),X ga nagarederu (X flows out),2.4
comprehensibility,399,ikari (anger),X wo nomu (Y drinks X),2.4
comprehensibility,399,jouhou (information),X ni hitaru (Y soaks in X),2.4
comprehensibility,399,jounetu (passion),X ga nagarederu (X flows out),2.4
comprehensibility,399,ito (intention),X ga uzumaku (X whirls),2.4
comprehensibility,399,ito (intention),X ga moreru (X leaks),2.4
comprehensibility,399,kanjou (emotion),X ni hitasu (Y dips Z in X),2.4
comprehensibility,399,kanjou (emotion),X wo nomu (Y drinks X),2.4
comprehensibility,399,tanosisa (enjoyment),X ga nagarederu (X flows out),2.4
comprehensibility,399,kimoti (feeling),X ga uzumaku (X whirls),2.4
comprehensibility,399,doro (mud),X wo susuru (Y sips X),2.4
comprehensibility,399,doro (mud),X wo siboridasu (Y squeezes X),2.4
comprehensibility,399,doro (mud),X ga uzumaku (X whirls),2.4
comprehensibility,399,doro (mud),X ga waku (X gushes out),2.4
comprehensibility,399,kuuki (air),X ni hitaru (Y soaks in X),2.4
comprehensibility,399,syutisin (shame),X ga nizimu (X oozes),2.4
comprehensibility,399,kotoba (word),X ni sizumu (Y sinks into X),2.4
comprehensibility,399,kotoba (word),X wo sosogu (Y pours X),2.4
comprehensibility,399,kotoba (word),X ga uzumaku (X whirls),2.4
comprehensibility,399,kinsen (money),X ga waku (X gushes out),2.4
comprehensibility,399,oto (sound),X wo kakeru (Y sprays X),2.4
comprehensibility,399,oto (sound),X ga hotobasiru (X spurts),2.4
comprehensibility,429,human (complaint),X ni sizumu (Y sinks into X),2.3
comprehensibility,429,hikari (light),X ga sumu (X gets clear),2.3
comprehensibility,429,roudou (labor),X ni oboreru (Y almost drowns in X),2.3
comprehensibility,429,yorokobi (delight),X wo makitirasu (Y sprinkles X),2.3
comprehensibility,429,yorokobi (delight),X ni tukaru (Y gets submerged in X),2.3
comprehensibility,429,koe (voice),X ga nagarederu (X flows out),2.3
comprehensibility,429,koe (voice),X ga waku (X gushes out),2.3
comprehensibility,429,kibou (hope),X wo sosogu (Y pours X),2.3
comprehensibility,429,kibou (hope),X wo abiseru (Y showers X),2.3
comprehensibility,429,ikari (anger),X ga moreru (X leaks),2.3
comprehensibility,429,kyouhu (fear),X ga moreru (X leaks),2.3
comprehensibility,429,kanasimi (sorrow),X wo siboridasu (Y squeezes X),2.3
comprehensibility,429,kanasimi (sorrow),X wo nomu (Y drinks X),2.3
comprehensibility,429,jouhou (information),X ga waku (X gushes out),2.3
comprehensibility,429,jouhou (information),X ga sitataru (X drips),2.3
comprehensibility,429,ai (love),X wo maku (Y scatters X),2.3
comprehensibility,429,ai (love),X ni sizumu (Y sinks into X),2.3
comprehensibility,429,kanjou (emotion),X wo abiseru (Y showers X),2.3
comprehensibility,429,kanjou (emotion),X ga nigoru (X gets cloudy),2.3
comprehensibility,429,zouo (hatred),X ga moreru (X leaks),2.3
comprehensibility,429,kimoti (feeling),X ga moreru (X leaks),2.3
comprehensibility,429,abura (oil),X ga hotobasiru (X spurts),2.3
comprehensibility,429,doro (mud),X ga simiru (X soaks into Y),2.3
comprehensibility,429,doro (mud),X wo tarasu (Y drops X),2.3
comprehensibility,429,kuuki (air),X ga mitiru (X fills Y),2.3
comprehensibility,429,zetubou (despair),X ni tukaru (Y gets submerged in X),2.3
comprehensibility,429,kinsen (money),X ni sizumu (Y sinks into X),2.3
comprehensibility,429,oto (sound),X ni tukaru (Y gets submerged in X),2.3
comprehensibility,457,ari (ant),X ga uzumaku (X whirls),2.2
comprehensibility,457,neko (cat),X ni hitaru (Y soaks in X),2.2
comprehensibility,457,nioi (smell),X ga nigoru (X gets cloudy),2.2
comprehensibility,457,huan (anxiety),X ga huttou-suru (X boils),2.2
comprehensibility,457,huan (anxiety),X ni hitaru (Y soaks in X),2.2
comprehensibility,457,huan (anxiety),X ni oboreru (Y almost drowns in X),2.2
comprehensibility,457,human (complaint),X wo siboridasu (Y squeezes X),2.2
comprehensibility,457,yorokobi (delight),X ga huttou-suru (X boils),2.2
comprehensibility,457,koe (voice),X ga uzumaku (X whirls),2.2
comprehensibility,457,sitto (envy),X ga mitiru (X fills Y),2.2
comprehensibility,457,ansin (relief),X ga waku (X gushes out),2.2
comprehensibility,457,iwa (rock),X ga nagareru (X flows),2.2
comprehensibility,457,kibou (hope),X ga hotobasiru (X spurts),2.2
comprehensibility,457,kibou (hope),X wo makitirasu (Y sprinkles X),2.2
comprehensibility,457,kibou (hope),X ni hitaru (Y soaks in X),2.2
comprehensibility,457,kairaku (pleasure),X ga hotobasiru (X spurts),2.2
comprehensibility,457,ikari (anger),X ga koboreru (X spills out),2.2
comprehensibility,457,kyouhu (fear),X ga tamaru (X gets collected),2.2
comprehensibility,457,kanasimi (sorrow),X ga hotobasiru (X spurts),2.2
comprehensibility,457,kanasimi (sorrow),X ga tamaru (X gets collected),2.2
comprehensibility,457,jouhou (information),X ga yodomu (X gets stagnant),2.2
comprehensibility,457,jounetu (passion),X wo makitirasu (Y sprinkles X),2.2
comprehensibility,457,kanjou (emotion),X ga sitataru (X drips),2.2
comprehensibility,457,zouo (hatred),X ni hitaru (Y soaks in X),2.2
comprehensibility,457,jikan (time),X ni hitaru (Y soaks in X),2.2
comprehensibility,457,kimoti (feeling),X ga koboreru (X spills out),2.2
comprehensibility,457,doro (mud),X de susugu (Y rinses Z with X),2.2
comprehensibility,457,suna (sand),X wo tarasu (Y drops X),2.2
comprehensibility,457,kuuki (air),X wo siboridasu (Y squeezes X),2.2
comprehensibility,457,kuuki (air),X ni sizumu (Y sinks into X),2.2
comprehensibility,457,zetubou (despair),X ga nizimu (X oozes),2.2
comprehensibility,457,syutisin (shame),X ga hotobasiru (X spurts),2.2
comprehensibility,457,kotoba (word),X ga nagareru (X flows),2.2
comprehensibility,457,kotoba (word),X ga mitiru (X fills Y),2.2
comprehensibility,457,kinsen (money),X wo siboridasu (Y squeezes X),2.2
comprehensibility,457,kinsen (money),X wo sosogu (Y pours X),2.2
comprehensibility,457,oto (sound),X wo abiseru (Y showers X),2.2
comprehensibility,457,oto (sound),X ni oboreru (Y almost drowns in X),2.2
comprehensibility,457,oto (sound),X ga nizimu (X oozes),2.2
comprehensibility,496,neko (cat),X ga waku (X gushes out),2.1
comprehensibility,496,neko (cat),X ga ahureru (X overflows),2.1
comprehensibility,496,nioi (smell),X ga sumu (X gets clear),2.1
comprehensibility,496,human (complaint),X ga hotobasiru (X spurts),2.1
comprehensibility,496,human (complaint),X ga huttou-suru (X boils),2.1
comprehensibility,496,hikari (light),X ga uzumaku (X whirls),2.1
comprehensibility,496,yuuki (bravery),X ga tamaru (X gets collected),2.1
comprehensibility,496,yorokobi (delight),X ga sitataru (X drips),2.1
comprehensibility,496,kairaku (pleasure),X ni sizumu (Y sinks into X),2.1
comprehensibility,496,kairaku (pleasure),X wo abiseru (Y showers X),2.1
comprehensibility,496,ikari (anger),X wo sosogu (Y pours X),2.1
comprehensibility,496,kyouhu (fear),X ni hitaru (Y soaks in X),2.1
comprehensibility,496,kyouhu (fear),X ni tukaru (Y gets submerged in X),2.1
comprehensibility,496,kanasimi (sorrow),X ga nizimu (X oozes),2.1
comprehensibility,496,jounetu (passion),X ga huttou-suru (X boils),2.1
comprehensibility,496,ito (intention),X ga hotobasiru (X spurts),2.1
comprehensibility,496,ai (love),X wo kumitoru (Y scoops up X),2.1
comprehensibility,496,ai (love),X ga nagarederu (X flows out),2.1
comprehensibility,496,ai (love),X ga moreru (X leaks),2.1
comprehensibility,496,kanjou (emotion),X ni sizumu (Y sinks into X),2.1
comprehensibility,496,kanjou (emotion),X ga nagareru (X flows),2.1
comprehensibility,496,zouo (hatred),X ni tukaru (Y gets submerged in X),2.1
comprehensibility,496,tanosisa (enjoyment),X wo siboridasu (Y squeezes X),2.1
comprehensibility,496,kimoti (feeling),X wo siboridasu (Y squeezes X),2.1
comprehensibility,496,doro (mud),X ni uku (Y floats on X),2.1
comprehensibility,496,doro (mud),X ni hitaru (Y soaks in X),2.1
comprehensibility,496,suna (sand),X wo sosogu (Y pours X),2.1
comprehensibility,496,zetubou (despair),X ga mitiru (X fills Y),2.1
comprehensibility,496,zetubou (despair),X ni oboreru (Y almost drowns in X),2.1
comprehensibility,496,syutisin (shame),X ga koboreru (X spills out),2.1
comprehensibility,496,syutisin (shame),X ga uzumaku (X whirls),2.1
comprehensibility,496,syutisin (shame),X ni oboreru (Y almost drowns in X),2.1
comprehensibility,496,kotoba (word),X wo maku (Y scatters X),2.1
comprehensibility,496,kinsen (money),X wo abiseru (Y showers X),2.1
comprehensibility,496,oto (sound),X ga waku (X gushes out),2.1
comprehensibility,531,ari (ant),X wo maku (Y scatters X),2.0
comprehensibility,531,huan (anxiety),X ni tukaru (Y gets submerged in X),2.0
comprehensibility,531,hikari (light),X ni hitaru (Y soaks in X),2.0
comprehensibility,531,hikari (light),X ga waku (X gushes out),2.0
comprehensibility,531,hikari (light),X ga sitataru (X drips),2.0
comprehensibility,531,roudou (labor),X wo sosogu (Y pours X),2.0
comprehensibility,531,yuuki (bravery),X wo kumitoru (Y scoops up X),2.0
comprehensibility,531,yuuki (bravery),X ga nizimu (X oozes),2.0
comprehensibility,531,koe (voice),X ga simiru (X soaks into Y),2.0
comprehensibility,531,koe (voice),X ga nizimu (X oozes),2.0
comprehensibility,531,sitto (envy),X ga huttou-suru (X boils),2.0
comprehensibility,531,sitto (envy),X ga tamaru (X gets collected),2.0
comprehensibility,531,ansin (relief),X wo maku (Y scatters X),2.0
comprehensibility,531,ansin (relief),X wo sosogu (Y pours X),2.0
comprehensibility,531,ansin (relief),X ni oboreru (Y almost drowns in X),2.0
comprehensibility,531,iwa (rock),X ga nagarederu (X flows out),2.0
comprehensibility,531,kairaku (pleasure),X ni tukaru (Y gets submerged in X),2.0
comprehensibility,531,ikari (anger),X wo siboridasu (Y squeezes X),2.0
comprehensibility,531,kyouhu (fear),X ga simiru (X soaks into Y),2.0
comprehensibility,531,kyouhu (fear),X ga hotobasiru (X spurts),2.0
comprehensibility,531,kyouhu (fear),X wo siboridasu (Y squeezes X),2.0
comprehensibility,531,kyouhu (fear),X wo kumitoru (Y scoops up X),2.0
comprehensibility,531,kyouhu (fear),X ni sizumu (Y sinks into X),2.0
comprehensibility,531,kyouhu (fear),X ga huttou-suru (X boils),2.0
comprehensibility,531,kanasimi (sorrow),X ga huttou-suru (X boils),2.0
comprehensibility,531,kanasimi (sorrow),X ga sitataru (X drips),2.0
comprehensibility,531,jouhou (information),X ga simiru (X soaks into Y),2.0
comprehensibility,531,jouhou (information),X ga nigoru (X gets cloudy),2.0
comprehensibility,531,jounetu (passion),X wo siboridasu (Y squeezes X),2.0
comprehensibility,531,jounetu (passion),X wo maku (Y scatters X),2.0
comprehensibility,531,jounetu (passion),X ga nagareru (X flows),2.0
comprehensibility,531,jounetu (passion),X ni hitaru (Y soaks in X),2.0
comprehensibility,531,ito (intention),X ga ahureru (X overflows),2.0
comprehensibility,531,ito (intention),X ga nigoru (X gets cloudy),2.0
comprehensibility,531,ai (love),X ga huttou-suru (X boils),2.0
comprehensibility,531,tanosisa (enjoyment),X wo sosogu (Y pours X),2.0
comprehensibility,531,doro (mud),X wo sosogu (Y pours X),2.0
comprehensibility,531,rikai (understanding),X wo kumitoru (Y scoops up X),2.0
comprehensibility,531,rikai (understanding),X ga mitiru (X fills Y),2.0
comprehensibility,531,suna (sand),X ga uzumaku (X whirls),2.0
comprehensibility,531,syutisin (shame),X ga nagarederu (X flows out),2.0
comprehensibility,531,kotoba (word),X wo makitirasu (Y sprinkles X),2.0
comprehensibility,531,kotoba (word),X ga nizimu (X oozes),2.0
comprehensibility,531,kinsen (money),X ga nagareru (X flows),2.0
comprehensibility,531,oto (sound),X wo kumitoru (Y scoops up X),2.0
comprehensibility,576,ari (ant),X ga tamaru (X gets collected),1.9
comprehensibility,576,nioi (smell),X ga koboreru (X spills out),1.9
comprehensibility,576,keeki (cake),X ni oboreru (Y almost drowns in X),1.9
comprehensibility,576,huan (anxiety),X ga nagareru (X flows),1.9
comprehensibility,576,huan (anxiety),X ni hitasu (Y dips Z in X),1.9
comprehensibility,576,hikari (light),X ga nagarederu (X flows out),1.9
comprehensibility,576,hikari (light),X ga tamaru (X gets collected),1.9
comprehensibility,576,yorokobi (delight),X wo maku (Y scatters X),1.9
comprehensibility,576,sitto (envy),X ga nagarederu (X flows out),1.9
comprehensibility,576,sitto (envy),X ga moreru (X leaks),1.9
comprehensibility,576,ansin (relief),X ga ahureru (X overflows),1.9
comprehensibility,576,iwa (rock),X ga tamaru (X gets collected),1.9
comprehensibility,576,kairaku (pleasure),X wo sosogu (Y pours X),1.9
comprehensibility,576,kairaku (pleasure),X ga nagarederu (X flows out),1.9
comprehensibility,576,kairaku (pleasure),X ni uku (Y floats on X),1.9
comprehensibility,576,kairaku (pleasure),X ga uzumaku (X whirls),1.9
comprehensibility,576,kyouhu (fear),X ga nagarederu (X flows out),1.9
comprehensibility,576,kyouhu (fear),X wo abiseru (Y showers X),1.9
comprehensibility,576,kanasimi (sorrow),X ni hitasu (Y dips Z in X),1.9
comprehensibility,576,kanasimi (sorrow),X ga moreru (X leaks),1.9
comprehensibility,576,jouhou (information),X wo tarasu (Y drops X),1.9
comprehensibility,576,jounetu (passion),X ga simiru (X soaks into Y),1.9
comprehensibility,576,jounetu (passion),X ga nizimu (X oozes),1.9
comprehensibility,576,ito (intention),X ga yodomu (X gets stagnant),1.9
comprehensibility,576,ai (love),X wo siboridasu (Y squeezes X),1.9
comprehensibility,576,ai (love),X wo abiseru (Y showers X),1.9
comprehensibility,576,kanjou (emotion),X ni tukaru (Y gets submerged in X),1.9
comprehensibility,576,zouo (hatred),X ga huttou-suru (X boils),1.9
comprehensibility,576,zouo (hatred),X wo sosogu (Y pours X),1.9
comprehensibility,576,zouo (hatred),X wo abiseru (Y showers X),1.9
comprehensibility,576,tanosisa (enjoyment),X ga koboreru (X spills out),1.9
comprehensibility,576,tanosisa (enjoyment),X ga uzumaku (X whirls),1.9
comprehensibility,576,kimoti (feeling),X ni sizumu (Y sinks into X),1.9
comprehensibility,576,abura (oil),X wo abiseru (Y showers X),1.9
comprehensibility,576,abura (oil),X ga uzumaku (X whirls),1.9
comprehensibility,576,doro (mud),X ga sitataru (X drips),1.9
comprehensibility,576,rikai (understanding),X ga ahureru (X overflows),1.9
comprehensibility,576,suimin (sleep),X ni oboreru (Y almost drowns in X),1.9
comprehensibility,576,suimin (sleep),X ni tukaru (Y gets submerged in X),1.9
comprehensibility,576,suna (sand),X ni hitasu (Y dips Z in X),1.9
comprehensibility,576,suna (sand),X ga mitiru (X fills Y),1.9
comprehensibility,576,kuuki (air),X wo abiseru (Y showers X),1.9
comprehensibility,576,kuuki (air),X ni tukaru (Y gets submerged in X),1.9
comprehensibility,576,syutisin (shame),X ga mitiru (X fills Y),1.9
comprehensibility,576,syutisin (shame),X ga tamaru (X gets collected),1.9
comprehensibility,576,kinsen (money),X ga uzumaku (X whirls),1.9
comprehensibility,576,kinsen (money),X ga mitiru (X fills Y),1.9
comprehensibility,623,human (complaint),X ga simiru (X soaks into Y),1.8
comprehensibility,623,human (complaint),X ni hitaru (Y soaks in X),1.8
comprehensibility,623,yuuki (bravery),X ga nagarederu (X flows out),1.8
comprehensibility,623,yorokobi (delight),X wo siboridasu (Y squeezes X),1.8
comprehensibility,623,yorokobi (delight),X wo sosogu (Y pours X),1.8
comprehensibility,623,yorokobi (delight),X ni hitasu (Y dips Z in X),1.8
comprehensibility,623,yorokobi (delight),X ga yodomu (X gets stagnant),1.8
comprehensibility,623,sitto (envy),X ni sizumu (Y sinks into X),1.8
comprehensibility,623,ansin (relief),X ni tukaru (Y gets submerged in X),1.8
comprehensibility,623,iwa (rock),X ga koboreru (X spills out),1.8
comprehensibility,623,kibou (hope),X wo kakeru (Y sprays X),1.8
comprehensibility,623,kibou (hope),X wo maku (Y scatters X),1.8
comprehensibility,623,kibou (hope),X ga yodomu (X gets stagnant),1.8
comprehensibility,623,kibou (hope),X ga sitataru (X drips),1.8
comprehensibility,623,kairaku (pleasure),X wo kumitoru (Y scoops up X),1.8
comprehensibility,623,ikari (anger),X ni oboreru (Y almost drowns in X),1.8
comprehensibility,623,kanasimi (sorrow),X wo sosogu (Y pours X),1.8
comprehensibility,623,jouhou (information),X ga koboreru (X spills out),1.8
comprehensibility,623,jouhou (information),X ni sizumu (Y sinks into X),1.8
comprehensibility,623,ito (intention),X ga waku (X gushes out),1.8
comprehensibility,623,ito (intention),X wo nomu (Y drinks X),1.8
comprehensibility,623,ai (love),X ni hitasu (Y dips Z in X),1.8
comprehensibility,623,ai (love),X ga nizimu (X oozes),1.8
comprehensibility,623,jikan (time),X wo kumitoru (Y scoops up X),1.8
comprehensibility,623,tanosisa (enjoyment),X ga huttou-suru (X boils),1.8
comprehensibility,623,tanosisa (enjoyment),X ni uku (Y floats on X),1.8
comprehensibility,623,tanosisa (enjoyment),X ga sitataru (X drips),1.8
comprehensibility,623,kimoti (feeling),X wo makitirasu (Y sprinkles X),1.8
comprehensibility,623,kimoti (feeling),X ga nagareru (X flows),1.8
comprehensibility,623,kimoti (feeling),X wo abiseru (Y showers X),1.8
comprehensibility,623,kimoti (feeling),X ni oboreru (Y almost drowns in X),1.8
comprehensibility,623,doro (mud),X ga nigoru (X gets cloudy),1.8
comprehensibility,623,rikai (understanding),X wo siboridasu (Y squeezes X),1.8
comprehensibility,623,suna (sand),X de susugu (Y rinses Z with X),1.8
comprehensibility,623,suna (sand),X wo kumitoru (Y scoops up X),1.8
comprehensibility,623,kuuki (air),X ni uku (Y floats on X),1.8
comprehensibility,623,kuuki (air),X ga nizimu (X oozes),1.8
comprehensibility,623,zetubou (despair),X ga huttou-suru (X boils),1.8
comprehensibility,623,zetubou (despair),X ga sitataru (X drips),1.8
comprehensibility,623,syutisin (shame),X ni sizumu (Y sinks into X),1.8
comprehensibility,663,neko (cat),X ga uzumaku (X whirls),1.7
comprehensibility,663,nioi (smell),X wo nomu (Y drinks X),1.7
comprehensibility,663,huan (anxiety),X wo sosogu (Y pours X),1.7
comprehensibility,663,hikari (light),X ni oboreru (Y almost drowns in X),1.7
comprehensibility,663,roudou (labor),X ni tukaru (Y gets submerged in X),1.7
comprehensibility,663,yuuki (bravery),X ga simiru (X soaks into Y),1.7
comprehensibility,663,yuuki (bravery),X ga koboreru (X spills out),1.7
comprehensibility,663,yuuki (bravery),X ga yodomu (X gets stagnant),1.7
comprehensibility,663,yorokobi (delight),X ga koboreru (X spills out),1.7
comprehensibility,663,yorokobi (delight),X wo abiseru (Y showers X),1.7
comprehensibility,663,yorokobi (delight),X ga tamaru (X gets collected),1.7
comprehensibility,663,yorokobi (delight),X ga moreru (X leaks),1.7
comprehensibility,663,koe (voice),X wo nomu (Y drinks X),1.7
comprehensibility,663,sitto (envy),X ga sitataru (X drips),1.7
comprehensibility,663,ansin (relief),X ga uzumaku (X whirls),1.7
comprehensibility,663,kibou (hope),X ga koboreru (X spills out),1.7
comprehensibility,663,kibou (hope),X ga tamaru (X gets collected),1.7
comprehensibility,663,kairaku (pleasure),X ga koboreru (X spills out),1.7
comprehensibility,663,kairaku (pleasure),X wo siboridasu (Y squeezes X),1.7
comprehensibility,663,kairaku (pleasure),X wo makitirasu (Y sprinkles X),1.7
comprehensibility,663,kairaku (pleasure),X ga huttou-suru (X boils),1.7
comprehensibility,663,jouhou (information),X ga nizimu (X oozes),1.7
comprehensibility,663,jounetu (passion),X ga yodomu (X gets stagnant),1.7
comprehensibility,663,jounetu (passion),X ga nigoru (X gets cloudy),1.7
comprehensibility,663,ito (intention),X wo siboridasu (Y squeezes X),1.7
comprehensibility,663,ito (intention),X ga mitiru (X fills Y),1.7
comprehensibility,663,ai (love),X wo kakeru (Y sprays X),1.7
comprehensibility,663,ai (love),X ga yodomu (X gets stagnant),1.7
comprehensibility,663,zouo (hatred),X ga koboreru (X spills out),1.7
comprehensibility,663,jikan (time),X ga tamaru (X gets collected),1.7
comprehensibility,663,tanosisa (enjoyment),X wo maku (Y scatters X),1.7
comprehensibility,663,tanosisa (enjoyment),X wo abiseru (Y showers X),1.7
comprehensibility,663,abura (oil),X de susugu (Y rinses Z with X),1.7
comprehensibility,663,zetubou (despair),X wo abiseru (Y showers X),1.7
comprehensibility,663,zetubou (despair),X ga tamaru (X gets collected),1.7
comprehensibility,663,oto (sound),X ga mitiru (X fills Y),1.7
comprehensibility,699,ari (ant),X ga nagarederu (X flows out),1.6
comprehensibility,699,ari (ant),X ga ahureru (X overflows),1.6
comprehensibility,699,nioi (smell),X ga hotobasiru (X spurts),1.6
comprehensibility,699,huan (anxiety),X ga simiru (X soaks into Y),1.6
comprehensibility,699,huan (anxiety),X wo kakeru (Y sprays X),1.6
comprehensibility,699,huan (anxiety),X wo abiseru (Y showers X),1.6
comprehensibility,699,roudou (labor),X wo siboridasu (Y squeezes X),1.6
comprehensibility,699,roudou (labor),X ga nizimu (X oozes),1.6
comprehensibility,699,koe (voice),X ni sizumu (Y sinks into X),1.6
comprehensibility,699,sitto (envy),X ni hitaru (Y soaks in X),1.6
comprehensibility,699,kairaku (pleasure),X ni hitasu (Y dips Z in X),1.6
comprehensibility,699,kyouhu (fear),X wo maku (Y scatters X),1.6
comprehensibility,699,kyouhu (fear),X ni hitasu (Y dips Z in X),1.6
comprehensibility,699,jounetu (passion),X ga tamaru (X gets collected),1.6
comprehensibility,699,jounetu (passion),X ga moreru (X leaks),1.6
comprehensibility,699,ito (intention),X ga simiru (X soaks into Y),1.6
comprehensibility,699,ito (intention),X ni oboreru (Y almost drowns in X),1.6
comprehensibility,699,zouo (hatred),X wo siboridasu (Y squeezes X),1.6
comprehensibility,699,jikan (time),X ga ahureru (X overflows),1.6
comprehensibility,699,jikan (time),X ni oboreru (Y almost drowns in X),1.6
comprehensibility,699,tanosisa (enjoyment),X wo makitirasu (Y sprinkles X),1.6
comprehensibility,699,kimoti (feeling),X ga sitataru (X drips),1.6
comprehensibility,699,abura (oil),X ni hitaru (Y soaks in X),1.6
comprehensibility,699,doro (mud),X ga yodomu (X gets stagnant),1.6
comprehensibility,699,suna (sand),X ga sitataru (X drips),1.6
comprehensibility,699,suna (sand),X ga nigoru (X gets cloudy),1.6
comprehensibility,699,kuuki (air),X ga waku (X gushes out),1.6
comprehensibility,699,zetubou (despair),X wo makitirasu (Y sprinkles X),1.6
comprehensibility,699,syutisin (shame),X ni hitaru (Y soaks in X),1.6
comprehensibility,728,ari (ant),X wo makitirasu (Y sprinkles X),1.5
comprehensibility,728,ari (ant),X ga nagareru (X flows),1.5
comprehensibility,728,nioi (smell),X wo kakeru (Y sprays X),1.5
comprehensibility,728,nioi (smell),X wo siboridasu (Y squeezes X),1.5
comprehensibility,728,nioi (smell),X ga sitataru (X drips),1.5
comprehensibility,728,huan (anxiety),X wo siboridasu (Y squeezes X),1.5
comprehensibility,728,huan (anxiety),X ga sitataru (X drips),1.5
comprehensibility,728,hikari (light),X ga simiru (X soaks into Y),1.5
comprehensibility,728,roudou (labor),X ni sizumu (Y sinks into X),1.5
comprehensibility,728,roudou (labor),X ga waku (X gushes out),1.5
comprehensibility,728,yorokobi (delight),X ni uku (Y floats on X),1.5
comprehensibility,728,yorokobi (delight),X ga nigoru (X gets cloudy),1.5
comprehensibility,728,koe (voice),X wo sosogu (Y pours X),1.5
comprehensibility,728,koe (voice),X ni oboreru (Y almost drowns in X),1.5
comprehensibility,728,koe (voice),X ga sitataru (X drips),1.5
comprehensibility,728,sitto (envy),X wo kumitoru (Y scoops up X),1.5
comprehensibility,728,ansin (relief),X ga koboreru (X spills out),1.5
comprehensibility,728,ansin (relief),X ga nagarederu (X flows out),1.5
comprehensibility,728,ansin (relief),X ga yodomu (X gets stagnant),1.5
comprehensibility,728,ansin (relief),X ga tamaru (X gets collected),1.5
comprehensibility,728,kibou (hope),X ga sumu (X gets clear),1.5
comprehensibility,728,kairaku (pleasure),X ga simiru (X soaks into Y),1.5
comprehensibility,728,kyouhu (fear),X wo sosogu (Y pours X),1.5
comprehensibility,728,jouhou (information),X ga huttou-suru (X boils),1.5
comprehensibility,728,jouhou (information),X ni hitasu (Y dips Z in X),1.5
comprehensibility,728,jouhou (information),X wo nomu (Y drinks X),1.5
comprehensibility,728,ito (intention),X wo abiseru (Y showers X),1.5
comprehensibility,728,ai (love),X ga sitataru (X drips),1.5
comprehensibility,728,ai (love),X ga nigoru (X gets cloudy),1.5
comprehensibility,728,kanjou (emotion),X wo kakeru (Y sprays X),1.5
comprehensibility,728,kanjou (emotion),X wo tarasu (Y drops X),1.5
comprehensibility,728,kanjou (emotion),X wo maku (Y scatters X),1.5
comprehensibility,728,zouo (hatred),X ga yodomu (X gets stagnant),1.5
comprehensibility,728,jikan (time),X ga koboreru (X spills out),1.5
comprehensibility,728,jikan (time),X ga nagarederu (X flows out),1.5
comprehensibility,728,jikan (time),X ga waku (X gushes out),1.5
comprehensibility,728,tanosisa (enjoyment),X ni hitasu (Y dips Z in X),1.5
comprehensibility,728,kimoti (feeling),X ni tukaru (Y gets submerged in X),1.5
comprehensibility,728,doro (mud),X ga huttou-suru (X boils),1.5
comprehensibility,728,suimin (sleep),X ni hitaru (Y soaks in X),1.5
comprehensibility,728,syutisin (shame),X ga simiru (X soaks into Y),1.5
comprehensibility,728,syutisin (shame),X ni hitasu (Y dips Z in X),1.5
comprehensibility,728,syutisin (shame),X ga sitataru (X drips),1.5
comprehensibility,728,syutisin (shame),X wo nomu (Y drinks X),1.5
comprehensibility,728,kotoba (word),X ga sumu (X gets clear),1.5
comprehensibility,728,oto (sound),X ni sizumu (Y sinks into X),1.5
comprehensibility,774,ari (ant),X wo tarasu (Y drops X),1.4
comprehensibility,774,ari (ant),X ni tukaru (Y gets submerged in X),1.4
comprehensibility,774,ari (ant),X wo nomu (Y drinks X),1.4
comprehensibility,774,nioi (smell),X wo susuru (Y sips X),1.4
comprehensibility,774,nioi (smell),X ni tukaru (Y gets submerged in X),1.4
comprehensibility,774,keeki (cake),X wo susuru (Y sips X),1.4
comprehensibility,774,keeki (cake),X wo nomu (Y drinks X),1.4
comprehensibility,774,human (complaint),X ga nigoru (X gets cloudy),1.4
comprehensibility,774,hikari (light),X wo tarasu (Y drops X),1.4
comprehensibility,774,hikari (light),X ni sizumu (Y sinks into X),1.4
comprehensibility,774,hikari (light),X ni tukaru (Y gets submerged in X),1.4
comprehensibility,774,yuuki (bravery),X wo maku (Y scatters X),1.4
comprehensibility,774,yuuki (bravery),X wo makitirasu (Y sprinkles X),1.4
comprehensibility,774,koe (voice),X ni tukaru (Y gets submerged in X),1.4
comprehensibility,774,sitto (envy),X wo maku (Y scatters X),1.4
comprehensibility,774,sitto (envy),X wo sosogu (Y pours X),1.4
comprehensibility,774,iwa (rock),X wo maku (Y scatters X),1.4
comprehensibility,774,iwa (rock),X wo abiseru (Y showers X),1.4
comprehensibility,774,kibou (hope),X wo siboridasu (Y squeezes X),1.4
comprehensibility,774,kibou (hope),X ni tukaru (Y gets submerged in X),1.4
comprehensibility,774,kairaku (pleasure),X ga nagareru (X flows),1.4
comprehensibility,774,kairaku (pleasure),X ga nizimu (X oozes),1.4
comprehensibility,774,ikari (anger),X ga nagareru (X flows),1.4
comprehensibility,774,ikari (anger),X ni hitaru (Y soaks in X),1.4
comprehensibility,774,kanasimi (sorrow),X ga yodomu (X gets stagnant),1.4
comprehensibility,774,jouhou (information),X wo sosogu (Y pours X),1.4
comprehensibility,774,jounetu (passion),X ni tukaru (Y gets submerged in X),1.4
comprehensibility,774,ito (intention),X ni sizumu (Y sinks into X),1.4
comprehensibility,774,ito (intention),X ga sumu (X gets clear),1.4
comprehensibility,774,kanjou (emotion),X ni uku (Y floats on X),1.4
comprehensibility,774,tanosisa (enjoyment),X ga yodomu (X gets stagnant),1.4
comprehensibility,774,tanosisa (enjoyment),X ga moreru (X leaks),1.4
comprehensibility,774,tanosisa (enjoyment),X ga sumu (X gets clear),1.4
comprehensibility,774,abura (oil),X ni oboreru (Y almost drowns in X),1.4
comprehensibility,774,suna (sand),X ga simiru (X soaks into Y),1.4
comprehensibility,774,suna (sand),X ga hotobasiru (X spurts),1.4
comprehensibility,774,suna (sand),X ga yodomu (X gets stagnant),1.4
comprehensibility,774,suna (sand),X wo nomu (Y drinks X),1.4
comprehensibility,774,kuuki (air),X wo kumitoru (Y scoops up X),1.4
comprehensibility,774,kuuki (air),X ni hitasu (Y dips Z in X),1.4
comprehensibility,774,kuuki (air),X wo nomu (Y drinks X),1.4
comprehensibility,774,zetubou (despair),X ga hotobasiru (X spurts),1.4
comprehensibility,774,zetubou (despair),X ga waku (X gushes out),1.4
comprehensibility,774,syutisin (shame),X ga huttou-suru (X boils),1.4
comprehensibility,774,syutisin (shame),X wo abiseru (Y showers X),1.4
comprehensibility,774,syutisin (shame),X ga moreru (X leaks),1.4
comprehensibility,774,syutisin (shame),X ni tukaru (Y gets submerged in X),1.4
comprehensibility,774,kotoba (word),X ni tukaru (Y gets submerged in X),1.4
comprehensibility,774,kinsen (money),X wo kumitoru (Y scoops up X),1.4
comprehensibility,774,kinsen (money),X ni hitasu (Y dips Z in X),1.4
comprehensibility,774,kinsen (money),X ga sumu (X gets clear),1.4
comprehensibility,774,oto (sound),X ga sitataru (X drips),1.4
comprehensibility,826,nioi (smell),X ni sizumu (Y sinks into X),1.3
comprehensibility,826,nioi (smell),X ga huttou-suru (X boils),1.3
comprehensibility,826,keeki (cake),X ni hitasu (Y dips Z in X),1.3
comprehensibility,826,huan (anxiety),X ga sumu (X gets clear),1.3
comprehensibility,826,human (complaint),X wo sosogu (Y pours X),1.3
comprehensibility,826,human (complaint),X ni tukaru (Y gets submerged in X),1.3
comprehensibility,826,human (complaint),X ga sumu (X gets clear),1.3
comprehensibility,826,roudou (labor),X ga tamaru (X gets collected),1.3
comprehensibility,826,yuuki (bravery),X wo abiseru (Y showers X),1.3
comprehensibility,826,yorokobi (delight),X wo tarasu (Y drops X),1.3
comprehensibility,826,yorokobi (delight),X ga sumu (X gets clear),1.3
comprehensibility,826,koe (voice),X ga tamaru (X gets collected),1.3
comprehensibility,826,sitto (envy),X wo siboridasu (Y squeezes X),1.3
comprehensibility,826,ansin (relief),X ni sizumu (Y sinks into X),1.3
comprehensibility,826,iwa (rock),X wo tarasu (Y drops X),1.3
comprehensibility,826,kibou (hope),X ga nagareru (X flows),1.3
comprehensibility,826,kibou (hope),X wo nomu (Y drinks X),1.3
comprehensibility,826,kyouhu (fear),X ga koboreru (X spills out),1.3
comprehensibility,826,kyouhu (fear),X ga sitataru (X drips),1.3
comprehensibility,826,kanasimi (sorrow),X wo abiseru (Y showers X),1.3
comprehensibility,826,jikan (time),X ga moreru (X leaks),1.3
comprehensibility,826,jikan (time),X ni tukaru (Y gets submerged in X),1.3
comprehensibility,826,tanosisa (enjoyment),X ga tamaru (X gets collected),1.3
comprehensibility,826,tanosisa (enjoyment),X ga nigoru (X gets cloudy),1.3
comprehensibility,826,abura (oil),X wo susuru (Y sips X),1.3
comprehensibility,826,doro (mud),X ga hotobasiru (X spurts),1.3
comprehensibility,826,rikai (understanding),X ga waku (X gushes out),1.3
comprehensibility,826,rikai (understanding),X ni oboreru (Y almost drowns in X),1.3
comprehensibility,826,suna (sand),X wo siboridasu (Y squeezes X),1.3
comprehensibility,826,suna (sand),X ga waku (X gushes out),1.3
comprehensibility,826,kuuki (air),X de susugu (Y rinses Z with X),1.3
comprehensibility,826,kuuki (air),X ga huttou-suru (X boils),1.3
comprehensibility,826,zetubou (despair),X ga nagarederu (X flows out),1.3
comprehensibility,826,kotoba (word),X ga tamaru (X gets collected),1.3
comprehensibility,826,kinsen (money),X wo susuru (Y sips X),1.3
comprehensibility,826,kinsen (money),X ga nizimu (X oozes),1.3
comprehensibility,826,kinsen (money),X ga moreru (X leaks),1.3
comprehensibility,863,nioi (smell),X ni hitasu (Y dips Z in X),1.2
comprehensibility,863,keeki (cake),X wo siboridasu (Y squeezes X),1.2
comprehensibility,863,keeki (cake),X ga nagareru (X flows),1.2
comprehensibility,863,keeki (cake),X ga ahureru (X overflows),1.2
comprehensibility,863,huan (anxiety),X ga yodomu (X gets stagnant),1.2
comprehensibility,863,huan (anxiety),X wo nomu (Y drinks X),1.2
comprehensibility,863,human (complaint),X ga nagareru (X flows),1.2
comprehensibility,863,human (complaint),X ni hitasu (Y dips Z in X),1.2
comprehensibility,863,human (complaint),X ga yodomu (X gets stagnant),1.2
comprehensibility,863,hikari (light),X wo kakeru (Y sprays X),1.2
comprehensibility,863,hikari (light),X ni hitasu (Y dips Z in X),1.2
comprehensibility,863,roudou (labor),X ga simiru (X soaks into Y),1.2
comprehensibility,863,roudou (labor),X wo kumitoru (Y scoops up X),1.2
comprehensibility,863,roudou (labor),X ga ahureru (X overflows),1.2
comprehensibility,863,yuuki (bravery),X wo kakeru (Y sprays X),1.2
comprehensibility,863,yuuki (bravery),X ni hitaru (Y soaks in X),1.2
comprehensibility,863,yuuki (bravery),X ga sitataru (X drips),1.2
comprehensibility,863,koe (voice),X ga huttou-suru (X boils),1.2
comprehensibility,863,sitto (envy),X ga nagareru (X flows),1.2
comprehensibility,863,sitto (envy),X wo abiseru (Y showers X),1.2
comprehensibility,863,sitto (envy),X ni tukaru (Y gets submerged in X),1.2
comprehensibility,863,ansin (relief),X ga hotobasiru (X spurts),1.2
comprehensibility,863,ansin (relief),X wo siboridasu (Y squeezes X),1.2
comprehensibility,863,ansin (relief),X ni hitasu (Y dips Z in X),1.2
comprehensibility,863,kibou (hope),X ni sizumu (Y sinks into X),1.2
comprehensibility,863,kibou (hope),X ga huttou-suru (X boils),1.2
comprehensibility,863,kibou (hope),X ga nagarederu (X flows out),1.2
comprehensibility,863,kairaku (pleasure),X ga tamaru (X gets collected),1.2
comprehensibility,863,ikari (anger),X ga simiru (X soaks into Y),1.2
comprehensibility,863,ikari (anger),X wo maku (Y scatters X),1.2
comprehensibility,863,ikari (anger),X ni tukaru (Y gets submerged in X),1.2
comprehensibility,863,kanasimi (sorrow),X ga nagareru (X flows),1.2
comprehensibility,863,ito (intention),X ga koboreru (X spills out),1.2
comprehensibility,863,ito (intention),X wo sosogu (Y pours X),1.2
comprehensibility,863,zouo (hatred),X ni hitasu (Y dips Z in X),1.2
comprehensibility,863,jikan (time),X ga uzumaku (X whirls),1.2
comprehensibility,863,kimoti (feeling),X wo kakeru (Y sprays X),1.2
comprehensibility,863,kimoti (feeling),X wo susuru (Y sips X),1.2
comprehensibility,863,kimoti (feeling),X ni uku (Y floats on X),1.2
comprehensibility,863,rikai (understanding),X ga koboreru (X spills out),1.2
comprehensibility,863,rikai (understanding),X ga hotobasiru (X spurts),1.2
comprehensibility,863,rikai (understanding),X ga nagarederu (X flows out),1.2
comprehensibility,863,rikai (understanding),X ni hitaru (Y soaks in X),1.2
comprehensibility,863,suna (sand),X ga sumu (X gets clear),1.2
comprehensibility,863,kuuki (air),X wo maku (Y scatters X),1.2
comprehensibility,863,kuuki (air),X wo sosogu (Y pours X),1.2
comprehensibility,863,syutisin (shame),X wo tarasu (Y drops X),1.2
comprehensibility,863,syutisin (shame),X wo makitirasu (Y sprinkles X),1.2
comprehensibility,863,kotoba (word),X wo tarasu (Y drops X),1.2
comprehensibility,863,kinsen (money),X ni hitaru (Y soaks in X),1.2
comprehensibility,863,oto (sound),X wo sosogu (Y pours X),1.2
comprehensibility,914,ari (ant),X ga koboreru (X spills out),1.1
comprehensibility,914,ari (ant),X wo kumitoru (Y scoops up X),1.1
comprehensibility,914,ari (ant),X ni oboreru (Y almost drowns in X),1.1
comprehensibility,914,nioi (smell),X ni oboreru (Y almost drowns in X),1.1
comprehensibility,914,keeki (cake),X wo kakeru (Y sprays X),1.1
comprehensibility,914,keeki (cake),X wo maku (Y scatters X),1.1
comprehensibility,914,keeki (cake),X ga tamaru (X gets collected),1.1
comprehensibility,914,keeki (cake),X ni tukaru (Y gets submerged in X),1.1
comprehensibility,914,hikari (light),X wo siboridasu (Y squeezes X),1.1
comprehensibility,914,roudou (labor),X wo maku (Y scatters X),1.1
comprehensibility,914,yuuki (bravery),X ga huttou-suru (X boils),1.1
comprehensibility,914,yuuki (bravery),X ni uku (Y floats on X),1.1
comprehensibility,914,yuuki (bravery),X ni oboreru (Y almost drowns in X),1.1
comprehensibility,914,yuuki (bravery),X ni tukaru (Y gets submerged in X),1.1
comprehensibility,914,yuuki (bravery),X wo nomu (Y drinks X),1.1
comprehensibility,914,koe (voice),X wo maku (Y scatters X),1.1
comprehensibility,914,sitto (envy),X ga simiru (X soaks into Y),1.1
comprehensibility,914,sitto (envy),X wo tarasu (Y drops X),1.1
comprehensibility,914,ansin (relief),X ga simiru (X soaks into Y),1.1
comprehensibility,914,ansin (relief),X wo kumitoru (Y scoops up X),1.1
comprehensibility,914,ansin (relief),X wo abiseru (Y showers X),1.1
comprehensibility,914,ansin (relief),X ga moreru (X leaks),1.1
comprehensibility,914,ansin (relief),X ga nigoru (X gets cloudy),1.1
comprehensibility,914,iwa (rock),X wo kakeru (Y sprays X),1.1
comprehensibility,914,iwa (rock),X ga sitataru (X drips),1.1
comprehensibility,914,iwa (rock),X ni tukaru (Y gets submerged in X),1.1
comprehensibility,914,kibou (hope),X ni uku (Y floats on X),1.1
comprehensibility,914,kibou (hope),X ni oboreru (Y almost drowns in X),1.1
comprehensibility,914,kairaku (pleasure),X wo susuru (Y sips X),1.1
comprehensibility,914,ikari (anger),X ga sitataru (X drips),1.1
comprehensibility,914,kanasimi (sorrow),X ni uku (Y floats on X),1.1
comprehensibility,914,jouhou (information),X ni uku (Y floats on X),1.1
comprehensibility,914,jounetu (passion),X ni hitasu (Y dips Z in X),1.1
comprehensibility,914,ito (intention),X wo maku (Y scatters X),1.1
comprehensibility,914,ito (intention),X ni hitaru (Y soaks in X),1.1
comprehensibility,914,ito (intention),X ni tukaru (Y gets submerged in X),1.1
comprehensibility,914,ai (love),X ga sumu (X gets clear),1.1
comprehensibility,914,zouo (hatred),X wo tarasu (Y drops X),1.1
comprehensibility,914,zouo (hatred),X ga nagareru (X flows),1.1
comprehensibility,914,doro (mud),X ga sumu (X gets clear),1.1
comprehensibility,914,rikai (understanding),X wo sosogu (Y pours X),1.1
comprehensibility,914,rikai (understanding),X ga yodomu (X gets stagnant),1.1
comprehensibility,914,rikai (understanding),X ga uzumaku (X whirls),1.1
comprehensibility,914,rikai (understanding),X ga nizimu (X oozes),1.1
comprehensibility,914,suimin (sleep),X ga tamaru (X gets collected),1.1
comprehensibility,914,suimin (sleep),X ga ahureru (X overflows),1.1
comprehensibility,914,suna (sand),X ni hitaru (Y soaks in X),1.1
comprehensibility,914,zetubou (despair),X ga simiru (X soaks into Y),1.1
comprehensibility,914,zetubou (despair),X ga koboreru (X spills out),1.1
comprehensibility,914,zetubou (despair),X wo susuru (Y sips X),1.1
comprehensibility,914,zetubou (despair),X wo maku (Y scatters X),1.1
comprehensibility,914,zetubou (despair),X wo sosogu (Y pours X),1.1
comprehensibility,914,zetubou (despair),X ga nagareru (X flows),1.1
comprehensibility,914,kotoba (word),X ni hitasu (Y dips Z in X),1.1
comprehensibility,914,kinsen (money),X ga yodomu (X gets stagnant),1.1
comprehensibility,914,kinsen (money),X ni tukaru (Y gets submerged in X),1.1
comprehensibility,914,kinsen (money),X ga nigoru (X gets cloudy),1.1
comprehensibility,914,oto (sound),X wo maku (Y scatters X),1.1
comprehensibility,914,oto (sound),X ga huttou-suru (X boils),1.1
comprehensibility,914,oto (sound),X ga tamaru (X gets collected),1.1
comprehensibility,974,ari (ant),X ni sizumu (Y sinks into X),1.0
comprehensibility,974,ari (ant),X ga nizimu (X oozes),1.0
comprehensibility,974,ari (ant),X ga moreru (X leaks),1.0
comprehensibility,974,neko (cat),X ga mitiru (X fills Y),1.0
comprehensibility,974,nioi (smell),X wo sosogu (Y pours X),1.0
comprehensibility,974,keeki (cake),X ga moreru (X leaks),1.0
comprehensibility,974,huan (anxiety),X wo susuru (Y sips X),1.0
comprehensibility,974,huan (anxiety),X wo tarasu (Y drops X),1.0
comprehensibility,974,human (complaint),X ni oboreru (Y almost drowns in X),1.0
comprehensibility,974,human (complaint),X ga sitataru (X drips),1.0
comprehensibility,974,roudou (labor),X ga hotobasiru (X spurts),1.0
comprehensibility,974,ansin (relief),X wo makitirasu (Y sprinkles X),1.0
comprehensibility,974,ansin (relief),X ga sitataru (X drips),1.0
comprehensibility,974,iwa (rock),X ga simiru (X soaks into Y),1.0
comprehensibility,974,iwa (rock),X ga hotobasiru (X spurts),1.0
comprehensibility,974,iwa (rock),X ni sizumu (Y sinks into X),1.0
comprehensibility,974,kairaku (pleasure),X ga moreru (X leaks),1.0
comprehensibility,974,kairaku (pleasure),X wo nomu (Y drinks X),1.0
comprehensibility,974,kyouhu (fear),X wo tarasu (Y drops X),1.0
comprehensibility,974,kyouhu (fear),X ga nagareru (X flows),1.0
comprehensibility,974,kanasimi (sorrow),X wo susuru (Y sips X),1.0
comprehensibility,974,kanasimi (sorrow),X ga nigoru (X gets cloudy),1.0
comprehensibility,974,jounetu (passion),X ni sizumu (Y sinks into X),1.0
comprehensibility,974,jounetu (passion),X wo nomu (Y drinks X),1.0
comprehensibility,974,ito (intention),X wo makitirasu (Y sprinkles X),1.0
comprehensibility,974,ai (love),X ga nagareru (X flows),1.0
comprehensibility,974,zouo (hatred),X ga simiru (X soaks into Y),1.0
comprehensibility,974,zouo (hatred),X wo susuru (Y sips X),1.0
comprehensibility,974,zouo (hatred),X ga sumu (X gets clear),1.0
comprehensibility,974,zouo (hatred),X wo nomu (Y drinks X),1.0
comprehensibility,974,tanosisa (enjoyment),X ga nagareru (X flows),1.0
comprehensibility,974,rikai (understanding),X ga moreru (X leaks),1.0
comprehensibility,974,suimin (sleep),X ga simiru (X soaks into Y),1.0
comprehensibility,974,suimin (sleep),X ga mitiru (X fills Y),1.0
comprehensibility,974,suna (sand),X wo susuru (Y sips X),1.0
comprehensibility,974,suna (sand),X ga nizimu (X oozes),1.0
comprehensibility,974,syutisin (shame),X wo siboridasu (Y squeezes X),1.0
comprehensibility,974,kotoba (word),X ga sitataru (X drips),1.0
comprehensibility,974,kinsen (money),X ga sitataru (X drips),1.0
comprehensibility,974,kinsen (money),X wo nomu (Y drinks X),1.0
comprehensibility,974,oto (sound),X de susugu (Y rinses Z with X),1.0
comprehensibility,974,oto (sound),X wo tarasu (Y drops X),1.0
comprehensibility,974,oto (sound),X ni uku (Y floats on X),1.0
comprehensibility,1017,neko (cat),X wo nomu (Y drinks X),0.9
comprehensibility,1017,nioi (smell),X wo tarasu (Y drops X),0.9
comprehensibility,1017,human (complaint),X wo kakeru (Y sprays X),0.9
comprehensibility,1017,human (complaint),X ni uku (Y floats on X),0.9
comprehensibility,1017,hikari (light),X ga huttou-suru (X boils),0.9
comprehensibility,1017,roudou (labor),X ga mitiru (X fills Y),0.9
comprehensibility,1017,yuuki (bravery),X ni sizumu (Y sinks into X),0.9
comprehensibility,1017,yuuki (bravery),X ga nigoru (X gets cloudy),0.9
comprehensibility,1017,yorokobi (delight),X wo kakeru (Y sprays X),0.9
comprehensibility,1017,koe (voice),X ni hitasu (Y dips Z in X),0.9
comprehensibility,1017,sitto (envy),X ga yodomu (X gets stagnant),0.9
comprehensibility,1017,ansin (relief),X wo kakeru (Y sprays X),0.9
comprehensibility,1017,ansin (relief),X ga nagareru (X flows),0.9
comprehensibility,1017,iwa (rock),X ga uzumaku (X whirls),0.9
comprehensibility,1017,iwa (rock),X wo nomu (Y drinks X),0.9
comprehensibility,1017,kibou (hope),X ga moreru (X leaks),0.9
comprehensibility,1017,kairaku (pleasure),X wo maku (Y scatters X),0.9
comprehensibility,1017,ikari (anger),X ni uku (Y floats on X),0.9
comprehensibility,1017,ikari (anger),X ga yodomu (X gets stagnant),0.9
comprehensibility,1017,ikari (anger),X ga nigoru (X gets cloudy),0.9
comprehensibility,1017,kyouhu (fear),X ga yodomu (X gets stagnant),0.9
comprehensibility,1017,kanasimi (sorrow),X wo tarasu (Y drops X),0.9
comprehensibility,1017,jouhou (information),X ga sumu (X gets clear),0.9
comprehensibility,1017,jounetu (passion),X ni uku (Y floats on X),0.9
comprehensibility,1017,ito (intention),X ni hitasu (Y dips Z in X),0.9
comprehensibility,1017,ito (intention),X ga tamaru (X gets collected),0.9
comprehensibility,1017,ito (intention),X ga sitataru (X drips),0.9
comprehensibility,1017,ai (love),X wo susuru (Y sips X),0.9
comprehensibility,1017,jikan (time),X ga simiru (X soaks into Y),0.9
comprehensibility,1017,jikan (time),X wo abiseru (Y showers X),0.9
comprehensibility,1017,jikan (time),X ni hitasu (Y dips Z in X),0.9
comprehensibility,1017,jikan (time),X ga yodomu (X gets stagnant),0.9
comprehensibility,1017,tanosisa (enjoyment),X wo nomu (Y drinks X),0.9
comprehensibility,1017,rikai (understanding),X ga simiru (X soaks into Y),0.9
comprehensibility,1017,suimin (sleep),X ga koboreru (X spills out),0.9
comprehensibility,1017,suimin (sleep),X ga yodomu (X gets stagnant),0.9
comprehensibility,1017,suimin (sleep),X ga moreru (X leaks),0.9
comprehensibility,1017,zetubou (despair),X ni uku (Y floats on X),0.9
comprehensibility,1017,zetubou (despair),X ga moreru (X leaks),0.9
comprehensibility,1017,syutisin (shame),X ga nigoru (X gets cloudy),0.9
comprehensibility,1017,kotoba (word),X ni uku (Y floats on X),0.9
comprehensibility,1017,kinsen (money),X ga simiru (X soaks into Y),0.9
comprehensibility,1017,oto (sound),X ni hitasu (Y dips Z in X),0.9
comprehensibility,1060,ari (ant),X ni uku (Y floats on X),0.8
comprehensibility,1060,ari (ant),X wo abiseru (Y showers X),0.8
comprehensibility,1060,ari (ant),X ga sumu (X gets clear),0.8
comprehensibility,1060,neko (cat),X ga simiru (X soaks into Y),0.8
comprehensibility,1060,neko (cat),X ga koboreru (X spills out),0.8
comprehensibility,1060,keeki (cake),X ga hotobasiru (X spurts),0.8
comprehensibility,1060,keeki (cake),X wo abiseru (Y showers X),0.8
comprehensibility,1060,huan (anxiety),X ga nigoru (X gets cloudy),0.8
comprehensibility,1060,hikari (light),X wo maku (Y scatters X),0.8
comprehensibility,1060,hikari (light),X wo kumitoru (Y scoops up X),0.8
comprehensibility,1060,roudou (labor),X ga nagarederu (X flows out),0.8
comprehensibility,1060,yuuki (bravery),X ni hitasu (Y dips Z in X),0.8
comprehensibility,1060,yuuki (bravery),X ga moreru (X leaks),0.8
comprehensibility,1060,yorokobi (delight),X ga nagareru (X flows),0.8
comprehensibility,1060,iwa (rock),X ga waku (X gushes out),0.8
comprehensibility,1060,iwa (rock),X ga ahureru (X overflows),0.8
comprehensibility,1060,kibou (hope),X wo tarasu (Y drops X),0.8
comprehensibility,1060,kibou (hope),X ga nigoru (X gets cloudy),0.8
comprehensibility,1060,ikari (anger),X wo kakeru (Y sprays X),0.8
comprehensibility,1060,kyouhu (fear),X ga sumu (X gets clear),0.8
comprehensibility,1060,kanasimi (sorrow),X ga sumu (X gets clear),0.8
comprehensibility,1060,jouhou (information),X de susugu (Y rinses Z with X),0.8
comprehensibility,1060,jounetu (passion),X wo tarasu (Y drops X),0.8
comprehensibility,1060,jounetu (passion),X ga sitataru (X drips),0.8
comprehensibility,1060,jounetu (passion),X ga sumu (X gets clear),0.8
comprehensibility,1060,zouo (hatred),X ga nigoru (X gets cloudy),0.8
comprehensibility,1060,jikan (time),X ga hotobasiru (X spurts),0.8
comprehensibility,1060,jikan (time),X wo makitirasu (Y sprinkles X),0.8
comprehensibility,1060,jikan (time),X ga sumu (X gets clear),0.8
comprehensibility,1060,tanosisa (enjoyment),X wo susuru (Y sips X),0.8
comprehensibility,1060,kimoti (feeling),X de susugu (Y rinses Z with X),0.8
comprehensibility,1060,rikai (understanding),X wo maku (Y scatters X),0.8
comprehensibility,1060,rikai (understanding),X ga nagareru (X flows),0.8
comprehensibility,1060,suimin (sleep),X wo maku (Y scatters X),0.8
comprehensibility,1060,suimin (sleep),X wo kumitoru (Y scoops up X),0.8
comprehensibility,1060,suimin (sleep),X ni sizumu (Y sinks into X),0.8
comprehensibility,1060,suimin (sleep),X ga waku (X gushes out),0.8
comprehensibility,1060,kuuki (air),X wo susuru (Y sips X),0.8
comprehensibility,1060,zetubou (despair),X wo nomu (Y drinks X),0.8
comprehensibility,1060,syutisin (shame),X wo susuru (Y sips X),0.8
comprehensibility,1060,syutisin (shame),X wo maku (Y scatters X),0.8
comprehensibility,1060,syutisin (shame),X wo sosogu (Y pours X),0.8
comprehensibility,1060,syutisin (shame),X ga sumu (X gets clear),0.8
comprehensibility,1103,ari (ant),X wo susuru (Y sips X),0.7
comprehensibility,1103,ari (ant),X wo siboridasu (Y squeezes X),0.7
comprehensibility,1103,ari (ant),X wo sosogu (Y pours X),0.7
comprehensibility,1103,nioi (smell),X de susugu (Y rinses Z with X),0.7
comprehensibility,1103,keeki (cake),X ni sizumu (Y sinks into X),0.7
comprehensibility,1103,keeki (cake),X ga nizimu (X oozes),0.7
comprehensibility,1103,hikari (light),X wo susuru (Y sips X),0.7
comprehensibility,1103,roudou (labor),X wo kakeru (Y sprays X),0.7
comprehensibility,1103,roudou (labor),X ga sumu (X gets clear),0.7
comprehensibility,1103,yuuki (bravery),X ga uzumaku (X whirls),0.7
comprehensibility,1103,yorokobi (delight),X ni sizumu (Y sinks into X),0.7
comprehensibility,1103,koe (voice),X wo tarasu (Y drops X),0.7
comprehensibility,1103,sitto (envy),X wo kakeru (Y sprays X),0.7
comprehensibility,1103,sitto (envy),X ni uku (Y floats on X),0.7
comprehensibility,1103,sitto (envy),X ni hitasu (Y dips Z in X),0.7
comprehensibility,1103,sitto (envy),X ga sumu (X gets clear),0.7
comprehensibility,1103,ansin (relief),X wo tarasu (Y drops X),0.7
comprehensibility,1103,ansin (relief),X ni uku (Y floats on X),0.7
comprehensibility,1103,iwa (rock),X ni uku (Y floats on X),0.7
comprehensibility,1103,iwa (rock),X ni hitasu (Y dips Z in X),0.7
comprehensibility,1103,iwa (rock),X ni hitaru (Y soaks in X),0.7
comprehensibility,1103,iwa (rock),X ga moreru (X leaks),0.7
comprehensibility,1103,kibou (hope),X ga simiru (X soaks into Y),0.7
comprehensibility,1103,kairaku (pleasure),X ga yodomu (X gets stagnant),0.7
comprehensibility,1103,kairaku (pleasure),X ga sitataru (X drips),0.7
comprehensibility,1103,kairaku (pleasure),X ga sumu (X gets clear),0.7
comprehensibility,1103,ikari (anger),X ga sumu (X gets clear),0.7
comprehensibility,1103,kyouhu (fear),X de susugu (Y rinses Z with X),0.7
comprehensibility,1103,kyouhu (fear),X wo susuru (Y sips X),0.7
comprehensibility,1103,kyouhu (fear),X ni uku (Y floats on X),0.7
comprehensibility,1103,jounetu (passion),X wo susuru (Y sips X),0.7
comprehensibility,1103,ito (intention),X wo kakeru (Y sprays X),0.7
comprehensibility,1103,ito (intention),X wo tarasu (Y drops X),0.7
comprehensibility,1103,ito (intention),X ga nagareru (X flows),0.7
comprehensibility,1103,ai (love),X ni uku (Y floats on X),0.7
comprehensibility,1103,ai (love),X wo nomu (Y drinks X),0.7
comprehensibility,1103,kanjou (emotion),X wo susuru (Y sips X),0.7
comprehensibility,1103,zouo (hatred),X wo kakeru (Y sprays X),0.7
comprehensibility,1103,jikan (time),X ni sizumu (Y sinks into X),0.7
comprehensibility,1103,tanosisa (enjoyment),X wo tarasu (Y drops X),0.7
comprehensibility,1103,kimoti (feeling),X wo maku (Y scatters X),0.7
comprehensibility,1103,kimoti (feeling),X ni hitasu (Y dips Z in X),0.7
comprehensibility,1103,doro (mud),X ga mitiru (X fills Y),0.7
comprehensibility,1103,rikai (understanding),X wo abiseru (Y showers X),0.7
comprehensibility,1103,rikai (understanding),X ga sitataru (X drips),0.7
comprehensibility,1103,rikai (understanding),X ga nigoru (X gets cloudy),0.7
comprehensibility,1103,rikai (understanding),X wo nomu (Y drinks X),0.7
comprehensibility,1103,suimin (sleep),X wo makitirasu (Y sprinkles X),0.7
comprehensibility,1103,suimin (sleep),X wo abiseru (Y showers X),0.7
comprehensibility,1103,suimin (sleep),X ga sumu (X gets clear),0.7
comprehensibility,1103,suimin (sleep),X ga nigoru (X gets cloudy),0.7
comprehensibility,1103,suna (sand),X ni uku (Y floats on X),0.7
comprehensibility,1103,zetubou (despair),X ni hitasu (Y dips Z in X),0.7
comprehensibility,1103,syutisin (shame),X ni uku (Y floats on X),0.7
comprehensibility,1103,syutisin (shame),X ga yodomu (X gets stagnant),0.7
comprehensibility,1103,kinsen (money),X ga hotobasiru (X spurts),0.7
comprehensibility,1103,kinsen (money),X wo tarasu (Y drops X),0.7
comprehensibility,1160,ari (ant),X de susugu (Y rinses Z with X),0.6
comprehensibility,1160,ari (ant),X wo kakeru (Y sprays X),0.6
comprehensibility,1160,neko (cat),X wo maku (Y scatters X),0.6
comprehensibility,1160,keeki (cake),X wo tarasu (Y drops X),0.6
comprehensibility,1160,keeki (cake),X ni hitaru (Y soaks in X),0.6
comprehensibility,1160,keeki (cake),X ga sitataru (X drips),0.6
comprehensibility,1160,human (complaint),X de susugu (Y rinses Z with X),0.6
comprehensibility,1160,hikari (light),X de susugu (Y rinses Z with X),0.6
comprehensibility,1160,hikari (light),X ni uku (Y floats on X),0.6
comprehensibility,1160,roudou (labor),X ga koboreru (X spills out),0.6
comprehensibility,1160,roudou (labor),X ga huttou-suru (X boils),0.6
comprehensibility,1160,roudou (labor),X wo abiseru (Y showers X),0.6
comprehensibility,1160,roudou (labor),X ni hitasu (Y dips Z in X),0.6
comprehensibility,1160,roudou (labor),X ga uzumaku (X whirls),0.6
comprehensibility,1160,roudou (labor),X ga moreru (X leaks),0.6
comprehensibility,1160,yuuki (bravery),X wo susuru (Y sips X),0.6
comprehensibility,1160,yuuki (bravery),X ga sumu (X gets clear),0.6
comprehensibility,1160,yorokobi (delight),X wo susuru (Y sips X),0.6
comprehensibility,1160,yorokobi (delight),X wo nomu (Y drinks X),0.6
comprehensibility,1160,koe (voice),X wo susuru (Y sips X),0.6
comprehensibility,1160,koe (voice),X ni uku (Y floats on X),0.6
comprehensibility,1160,sitto (envy),X de susugu (Y rinses Z with X),0.6
comprehensibility,1160,ansin (relief),X ga huttou-suru (X boils),0.6
comprehensibility,1160,iwa (rock),X wo siboridasu (Y squeezes X),0.6
comprehensibility,1160,iwa (rock),X ga mitiru (X fills Y),0.6
comprehensibility,1160,iwa (rock),X ni oboreru (Y almost drowns in X),0.6
comprehensibility,1160,iwa (rock),X ga sumu (X gets clear),0.6
comprehensibility,1160,kibou (hope),X wo susuru (Y sips X),0.6
comprehensibility,1160,kairaku (pleasure),X wo tarasu (Y drops X),0.6
comprehensibility,1160,kyouhu (fear),X wo nomu (Y drinks X),0.6
comprehensibility,1160,jouhou (information),X wo susuru (Y sips X),0.6
comprehensibility,1160,jounetu (passion),X de susugu (Y rinses Z with X),0.6
comprehensibility,1160,ito (intention),X ga huttou-suru (X boils),0.6
comprehensibility,1160,ai (love),X wo tarasu (Y drops X),0.6
comprehensibility,1160,jikan (time),X ga nizimu (X oozes),0.6
comprehensibility,1160,rikai (understanding),X ga tamaru (X gets collected),0.6
comprehensibility,1160,rikai (understanding),X ni tukaru (Y gets submerged in X),0.6
comprehensibility,1160,suimin (sleep),X wo sosogu (Y pours X),0.6
comprehensibility,1160,zetubou (despair),X wo kakeru (Y sprays X),0.6
comprehensibility,1160,zetubou (despair),X wo tarasu (Y drops X),0.6
comprehensibility,1160,zetubou (despair),X wo siboridasu (Y squeezes X),0.6
comprehensibility,1160,syutisin (shame),X de susugu (Y rinses Z with X),0.6
comprehensibility,1160,kinsen (money),X ga huttou-suru (X boils),0.6
comprehensibility,1160,kinsen (money),X ni uku (Y floats on X),0.6
comprehensibility,1204,ari (ant),X ga sitataru (X drips),0.5
comprehensibility,1204,neko (cat),X wo tarasu (Y drops X),0.5
comprehensibility,1204,neko (cat),X ga nagareru (X flows),0.5
comprehensibility,1204,neko (cat),X ga nagarederu (X flows out),0.5
comprehensibility,1204,keeki (cake),X ga uzumaku (X whirls),0.5
comprehensibility,1204,keeki (cake),X ga waku (X gushes out),0.5
comprehensibility,1204,huan (anxiety),X ni uku (Y floats on X),0.5
comprehensibility,1204,human (complaint),X wo susuru (Y sips X),0.5
comprehensibility,1204,hikari (light),X wo nomu (Y drinks X),0.5
comprehensibility,1204,roudou (labor),X ga nagareru (X flows),0.5
comprehensibility,1204,roudou (labor),X ga yodomu (X gets stagnant),0.5
comprehensibility,1204,yuuki (bravery),X de susugu (Y rinses Z with X),0.5
comprehensibility,1204,yuuki (bravery),X wo tarasu (Y drops X),0.5
comprehensibility,1204,yuuki (bravery),X ga nagareru (X flows),0.5
comprehensibility,1204,koe (voice),X de susugu (Y rinses Z with X),0.5
comprehensibility,1204,ansin (relief),X wo susuru (Y sips X),0.5
comprehensibility,1204,iwa (rock),X ga yodomu (X gets stagnant),0.5
comprehensibility,1204,iwa (rock),X ga nizimu (X oozes),0.5
comprehensibility,1204,iwa (rock),X ga nigoru (X gets cloudy),0.5
comprehensibility,1204,kairaku (pleasure),X de susugu (Y rinses Z with X),0.5
comprehensibility,1204,kairaku (pleasure),X ga nigoru (X gets cloudy),0.5
comprehensibility,1204,ikari (anger),X wo tarasu (Y drops X),0.5
comprehensibility,1204,kyouhu (fear),X wo kakeru (Y sprays X),0.5
comprehensibility,1204,kyouhu (fear),X ga nigoru (X gets cloudy),0.5
comprehensibility,1204,kanasimi (sorrow),X de susugu (Y rinses Z with X),0.5
comprehensibility,1204,jouhou (information),X wo kakeru (Y sprays X),0.5
comprehensibility,1204,ito (intention),X de susugu (Y rinses Z with X),0.5
comprehensibility,1204,ito (intention),X ni uku (Y floats on X),0.5
comprehensibility,1204,zouo (hatred),X ni uku (Y floats on X),0.5
comprehensibility,1204,jikan (time),X ga sitataru (X drips),0.5
comprehensibility,1204,tanosisa (enjoyment),X ni sizumu (Y sinks into X),0.5
comprehensibility,1204,rikai (understanding),X wo makitirasu (Y sprinkles X),0.5
comprehensibility,1204,rikai (understanding),X ga huttou-suru (X boils),0.5
comprehensibility,1204,rikai (understanding),X ga sumu (X gets clear),0.5
comprehensibility,1204,kuuki (air),X wo tarasu (Y drops X),0.5
comprehensibility,1204,zetubou (despair),X de susugu (Y rinses Z with X),0.5
comprehensibility,1204,kinsen (money),X de susugu (Y rinses Z with X),0.5
comprehensibility,1241,ari (ant),X ga huttou-suru (X boils),0.4
comprehensibility,1241,ari (ant),X ni hitasu (Y dips Z in X),0.4
comprehensibility,1241,ari (ant),X ni hitaru (Y soaks in X),0.4
comprehensibility,1241,ari (ant),X ga mitiru (X fills Y),0.4
comprehensibility,1241,ari (ant),X ga nigoru (X gets cloudy),0.4
comprehensibility,1241,neko (cat),X wo kakeru (Y sprays X),0.4
comprehensibility,1241,neko (cat),X ga hotobasiru (X spurts),0.4
comprehensibility,1241,neko (cat),X wo susuru (Y sips X),0.4
comprehensibility,1241,neko (cat),X wo makitirasu (Y sprinkles X),0.4
comprehensibility,1241,neko (cat),X wo kumitoru (Y scoops up X),0.4
comprehensibility,1241,neko (cat),X wo abiseru (Y showers X),0.4
comprehensibility,1241,neko (cat),X ni hitasu (Y dips Z in X),0.4
comprehensibility,1241,neko (cat),X ga moreru (X leaks),0.4
comprehensibility,1241,keeki (cake),X ga nagarederu (X flows out),0.4
comprehensibility,1241,keeki (cake),X ga nigoru (X gets cloudy),0.4
comprehensibility,1241,huan (anxiety),X de susugu (Y rinses Z with X),0.4
comprehensibility,1241,roudou (labor),X wo makitirasu (Y sprinkles X),0.4
comprehensibility,1241,roudou (labor),X ga nigoru (X gets cloudy),0.4
comprehensibility,1241,sitto (envy),X ga nigoru (X gets cloudy),0.4
comprehensibility,1241,ansin (relief),X ga sumu (X gets clear),0.4
comprehensibility,1241,ansin (relief),X wo nomu (Y drinks X),0.4
comprehensibility,1241,iwa (rock),X ga huttou-suru (X boils),0.4
comprehensibility,1241,iwa (rock),X wo sosogu (Y pours X),0.4
comprehensibility,1241,ikari (anger),X de susugu (Y rinses Z with X),0.4
comprehensibility,1241,ikari (anger),X ni hitasu (Y dips Z in X),0.4
comprehensibility,1241,kanasimi (sorrow),X wo maku (Y scatters X),0.4
comprehensibility,1241,ito (intention),X wo susuru (Y sips X),0.4
comprehensibility,1241,kanjou (emotion),X de susugu (Y rinses Z with X),0.4
comprehensibility,1241,jikan (time),X ga huttou-suru (X boils),0.4
comprehensibility,1241,jikan (time),X ni uku (Y floats on X),0.4
comprehensibility,1241,jikan (time),X ga nigoru (X gets cloudy),0.4
comprehensibility,1241,tanosisa (enjoyment),X de susugu (Y rinses Z with X),0.4
comprehensibility,1241,kimoti (feeling),X wo tarasu (Y drops X),0.4
comprehensibility,1241,rikai (understanding),X de susugu (Y rinses Z with X),0.4
comprehensibility,1241,rikai (understanding),X ni sizumu (Y sinks into X),0.4
comprehensibility,1241,rikai (understanding),X ni uku (Y floats on X),0.4
comprehensibility,1241,rikai (understanding),X ni hitasu (Y dips Z in X),0.4
comprehensibility,1241,suimin (sleep),X wo kakeru (Y sprays X),0.4
comprehensibility,1241,suimin (sleep),X wo susuru (Y sips X),0.4
comprehensibility,1241,suimin (sleep),X wo siboridasu (Y squeezes X),0.4
comprehensibility,1241,suimin (sleep),X ga huttou-suru (X boils),0.4
comprehensibility,1241,suimin (sleep),X wo nomu (Y drinks X),0.4
comprehensibility,1241,kuuki (air),X wo kakeru (Y sprays X),0.4
comprehensibility,1241,kuuki (air),X ga hotobasiru (X spurts),0.4
comprehensibility,1241,kuuki (air),X ga sitataru (X drips),0.4
comprehensibility,1241,zetubou (despair),X ga nigoru (X gets cloudy),0.4
comprehensibility,1241,syutisin (shame),X wo kakeru (Y sprays X),0.4
comprehensibility,1241,syutisin (shame),X ga nagareru (X flows),0.4
comprehensibility,1241,kotoba (word),X de susugu (Y rinses Z with X),0.4
comprehensibility,1241,kotoba (word),X wo susuru (Y sips X),0.4
comprehensibility,1241,kotoba (word),X ga huttou-suru (X boils),0.4
comprehensibility,1292,ari (ant),X ga hotobasiru (X spurts),0.3
comprehensibility,1292,ari (ant),X ga yodomu (X gets stagnant),0.3
comprehensibility,1292,neko (cat),X ni sizumu (Y sinks into X),0.3
comprehensibility,1292,neko (cat),X ga huttou-suru (X boils),0.3
comprehensibility,1292,neko (cat),X ga yodomu (X gets stagnant),0.3
comprehensibility,1292,neko (cat),X ga sitataru (X drips),0.3
comprehensibility,1292,nioi (smell),X ni uku (Y floats on X),0.3
comprehensibility,1292,keeki (cake),X ga simiru (X soaks into Y),0.3
comprehensibility,1292,keeki (cake),X ga huttou-suru (X boils),0.3
comprehensibility,1292,keeki (cake),X ga yodomu (X gets stagnant),0.3
comprehensibility,1292,roudou (labor),X wo susuru (Y sips X),0.3
comprehensibility,1292,roudou (labor),X ni uku (Y floats on X),0.3
comprehensibility,1292,sitto (envy),X wo nomu (Y drinks X),0.3
comprehensibility,1292,ansin (relief),X de susugu (Y rinses Z with X),0.3
comprehensibility,1292,iwa (rock),X wo kumitoru (Y scoops up X),0.3
comprehensibility,1292,kibou (hope),X de susugu (Y rinses Z with X),0.3
comprehensibility,1292,kibou (hope),X ni hitasu (Y dips Z in X),0.3
comprehensibility,1292,kairaku (pleasure),X wo kakeru (Y sprays X),0.3
comprehensibility,1292,jikan (time),X wo susuru (Y sips X),0.3
comprehensibility,1292,jikan (time),X wo maku (Y scatters X),0.3
comprehensibility,1292,tanosisa (enjoyment),X wo kakeru (Y sprays X),0.3
comprehensibility,1292,rikai (understanding),X wo kakeru (Y sprays X),0.3
comprehensibility,1292,suimin (sleep),X ga hotobasiru (X spurts),0.3
comprehensibility,1292,suimin (sleep),X wo tarasu (Y drops X),0.3
comprehensibility,1292,suimin (sleep),X ga nagareru (X flows),0.3
comprehensibility,1292,suimin (sleep),X ni hitasu (Y dips Z in X),0.3
comprehensibility,1292,suimin (sleep),X ga uzumaku (X whirls),0.3
comprehensibility,1292,suna (sand),X ga huttou-suru (X boils),0.3
comprehensibility,1292,zetubou (despair),X ga yodomu (X gets stagnant),0.3
comprehensibility,1292,oto (sound),X wo nomu (Y drinks X),0.3
comprehensibility,1322,neko (cat),X de susugu (Y rinses Z with X),0.2
comprehensibility,1322,neko (cat),X ni uku (Y floats on X),0.2
comprehensibility,1322,neko (cat),X ga nizimu (X oozes),0.2
comprehensibility,1322,neko (cat),X ni tukaru (Y gets submerged in X),0.2
comprehensibility,1322,keeki (cake),X de susugu (Y rinses Z with X),0.2
comprehensibility,1322,keeki (cake),X wo kumitoru (Y scoops up X),0.2
comprehensibility,1322,keeki (cake),X ni uku (Y floats on X),0.2
comprehensibility,1322,keeki (cake),X ga mitiru (X fills Y),0.2
comprehensibility,1322,roudou (labor),X de susugu (Y rinses Z with X),0.2
comprehensibility,1322,yorokobi (delight),X de susugu (Y rinses Z with X),0.2
comprehensibility,1322,sitto (envy),X wo susuru (Y sips X),0.2
comprehensibility,1322,iwa (rock),X de susugu (Y rinses Z with X),0.2
comprehensibility,1322,kanasimi (sorrow),X wo kakeru (Y sprays X),0.2
comprehensibility,1322,ai (love),X de susugu (Y rinses Z with X),0.2
comprehensibility,1322,jikan (time),X de susugu (Y rinses Z with X),0.2
comprehensibility,1322,jikan (time),X wo tarasu (Y drops X),0.2
comprehensibility,1322,jikan (time),X wo nomu (Y drinks X),0.2
comprehensibility,1322,rikai (understanding),X wo tarasu (Y drops X),0.2
comprehensibility,1322,suimin (sleep),X ga sitataru (X drips),0.2
comprehensibility,1341,neko (cat),X wo siboridasu (Y squeezes X),0.1
comprehensibility,1341,neko (cat),X wo sosogu (Y pours X),0.1
comprehensibility,1341,neko (cat),X ga sumu (X gets clear),0.1
comprehensibility,1341,neko (cat),X ga nigoru (X gets cloudy),0.1
comprehensibility,1341,keeki (cake),X ga sumu (X gets clear),0.1
comprehensibility,1341,roudou (labor),X wo tarasu (Y drops X),0.1
comprehensibility,1341,roudou (labor),X ga sitataru (X drips),0.1
comprehensibility,1341,roudou (labor),X wo nomu (Y drinks X),0.1
comprehensibility,1341,rikai (understanding),X wo susuru (Y sips X),0.1
comprehensibility,1341,suimin (sleep),X de susugu (Y rinses Z with X),0.1
comprehensibility,1341,suimin (sleep),X ga nagarederu (X flows out),0.1
comprehensibility,1341,suimin (sleep),X ni uku (Y floats on X),0.1
comprehensibility,1341,suimin (sleep),X ga nizimu (X oozes),0.1
comprehensibility,1341,zetubou (despair),X ga sumu (X gets clear),0.1
comprehensibility,1341,oto (sound),X wo susuru (Y sips X),0.1
comprehensibility,1356,ari (ant),X ga simiru (X soaks into Y),0.0
comprehensibility,1356,keeki (cake),X wo sosogu (Y pours X),0.0
comprehensibility,1356,iwa (rock),X wo susuru (Y sips X),0.0
comprehensibility,1356,ikari (anger),X wo susuru (Y sips X),0.0
comprehensibility,1356,zouo (hatred),X de susugu (Y rinses Z with X),0.0
